DeployID,TagID,RecapID,RecapID_Clean,Size (mm),RiffleID,Site,SurveyID,Date,Notes
50300,209000133204,NA,NA,64,GA1,Gravel Augmentation,Deploy 2023,4/25/2023,NA
50301,231000039712,NA,NA,32,GA1,Gravel Augmentation,Deploy 2023,4/25/2023,NA
50302,209000133209,NA,NA,128,GA1,Gravel Augmentation,Deploy 2023,4/25/2023,NA
50303,209000133181,NA,NA,90,GA1,Gravel Augmentation,Deploy 2023,4/25/2023,NA
50304,226001370216,NA,NA,16,GA1,Gravel Augmentation,Deploy 2023,4/25/2023,NA
50305,230000298006,NA,NA,256,GA1,Gravel Augmentation,Deploy 2023,4/25/2023,NA
50306,209000133155,NA,NA,90,GA1,Gravel Augmentation,Deploy 2023,4/25/2023,NA
50307,231000039751,NA,NA,32,GA1,Gravel Augmentation,Deploy 2023,4/25/2023,NA
50308,209000133126,NA,NA,128,GA1,Gravel Augmentation,Deploy 2023,4/25/2023,NA
50309,209000133194,NA,NA,64,GA1,Gravel Augmentation,Deploy 2023,4/25/2023,NA
50310,209000133134,NA,NA,64,GA2,Gravel Augmentation,Deploy 2023,4/25/2023,NA
50311,226001370200,NA,NA,16,GA2,Gravel Augmentation,Deploy 2023,4/25/2023,NA
50312,209000133192,NA,NA,128,GA2,Gravel Augmentation,Deploy 2023,4/25/2023,NA
50313,231000039706,NA,NA,32,GA2,Gravel Augmentation,Deploy 2023,4/25/2023,NA
50314,209000133185,NA,NA,64,GA3,Gravel Augmentation,Deploy 2023,4/25/2023,NA
50315,226001370294,NA,NA,32,GA3,Gravel Augmentation,Deploy 2023,4/25/2023,NA
50316,209000133175,NA,NA,128,GA3,Gravel Augmentation,Deploy 2023,4/25/2023,NA
50317,209000133130,NA,NA,64,GA4,Gravel Augmentation,Deploy 2023,4/25/2023,NA
50318,226001370293,NA,NA,16,GA4,Gravel Augmentation,Deploy 2023,4/25/2023,NA
50319,209000133137,NA,NA,90,GA4,Gravel Augmentation,Deploy 2023,4/25/2023,NA
50320,209000133179,NA,NA,64,GA4,Gravel Augmentation,Deploy 2023,4/25/2023,NA
50321,209000133147,NA,NA,64,GA5,Gravel Augmentation,Deploy 2023,4/25/2023,NA
50322,230000298016,NA,NA,256,GA5,Gravel Augmentation,Deploy 2023,4/25/2023,NA
50323,226001370275,NA,NA,32,GA5,Gravel Augmentation,Deploy 2023,4/25/2023,NA
50324,209000133187,NA,NA,90,GA5,Gravel Augmentation,Deploy 2023,4/25/2023,NA
50325,209000133183,NA,NA,64,GA6,Gravel Augmentation,Deploy 2023,4/25/2023,NA
50326,209000133110,NA,NA,128,GA6,Gravel Augmentation,Deploy 2023,4/25/2023,NA
50327,226001370330,NA,NA,16,GA6,Gravel Augmentation,Deploy 2023,4/25/2023,NA
50328,209000133191,NA,NA,64,GA6,Gravel Augmentation,Deploy 2023,4/25/2023,NA
50329,209000133151,NA,NA,64,GA6,Gravel Augmentation,Deploy 2023,4/25/2023,NA
50330,226001370205,NA,NA,32,Overflow 1C,Gravel Augmentation,Deploy 2023,4/25/2023,NA
50331,226001370222,NA,NA,16,Overflow 1C,Gravel Augmentation,Deploy 2023,4/25/2023,NA
50332,226001370230,NA,NA,32,Overflow 1C,Gravel Augmentation,Deploy 2023,4/25/2023,NA
50333,226001370203,NA,NA,16,Overflow 1C,Gravel Augmentation,Deploy 2023,4/25/2023,NA
50334,226001370236,NA,NA,32,Overflow 1C,Gravel Augmentation,Deploy 2023,4/25/2023,NA
50335,226001370259,NA,NA,16,Overflow 1A,Gravel Augmentation,Deploy 2023,4/25/2023,NA
50336,226001370291,NA,NA,32,Overflow 1A,Gravel Augmentation,Deploy 2023,4/25/2023,NA
50337,226001370397,NA,NA,16,Overflow 1A,Gravel Augmentation,Deploy 2023,4/25/2023,NA
50338,231000039741,NA,NA,32,Overflow 1A,Gravel Augmentation,Deploy 2023,4/25/2023,NA
50339,226001370204,NA,NA,16,Overflow 1A,Gravel Augmentation,Deploy 2023,4/25/2023,NA
NA,209000133113,NA,NA,90,Gravel Augmentation,Gravel Augmentation,Deploy 2023,4/25/2023,NA
NA,209000133124,NA,NA,45,Gravel Augmentation,Gravel Augmentation,Deploy 2023,4/25/2023,NA
NA,209000133128,NA,NA,45,Gravel Augmentation,Gravel Augmentation,Deploy 2023,4/25/2023,NA
NA,209000133132,NA,NA,128,Gravel Augmentation,Gravel Augmentation,Deploy 2023,4/25/2023,NA
NA,209000133170,NA,NA,64,Gravel Augmentation,Gravel Augmentation,Deploy 2023,4/25/2023,NA
NA,209000133177,NA,NA,64,Gravel Augmentation,Gravel Augmentation,Deploy 2023,4/25/2023,NA
NA,209000133201,NA,NA,64,Gravel Augmentation,Gravel Augmentation,Deploy 2023,4/25/2023,NA
NA,209000133207,NA,NA,90,Gravel Augmentation,Gravel Augmentation,Deploy 2023,4/25/2023,NA
NA,226001370211,NA,NA,32,Gravel Augmentation,Gravel Augmentation,Deploy 2023,4/25/2023,NA
NA,226001370221,NA,NA,16,Gravel Augmentation,Gravel Augmentation,Deploy 2023,4/25/2023,NA
NA,226001370241,NA,NA,16,Gravel Augmentation,Gravel Augmentation,Deploy 2023,4/25/2023,NA
NA,226001370242,NA,NA,16,Gravel Augmentation,Gravel Augmentation,Deploy 2023,4/25/2023,NA
NA,226001370246,NA,NA,16,Gravel Augmentation,Gravel Augmentation,Deploy 2023,4/25/2023,NA
NA,226001370248,NA,NA,32,Gravel Augmentation,Gravel Augmentation,Deploy 2023,4/25/2023,NA
NA,226001370255,NA,NA,16,Gravel Augmentation,Gravel Augmentation,Deploy 2023,4/25/2023,NA
NA,226001370260,NA,NA,32,Gravel Augmentation,Gravel Augmentation,Deploy 2023,4/25/2023,NA
NA,226001370283,NA,NA,32,Gravel Augmentation,Gravel Augmentation,Deploy 2023,4/25/2023,NA
NA,226001370370,NA,NA,16,Gravel Augmentation,Gravel Augmentation,Deploy 2023,4/25/2023,NA
NA,230000111516,NA,NA,128,Gravel Augmentation,Gravel Augmentation,Deploy 2023,4/25/2023,NA
NA,230000111674,NA,NA,256,Gravel Augmentation,Gravel Augmentation,Deploy 2023,4/25/2023,NA
NA,230000111689,NA,NA,90,Gravel Augmentation,Gravel Augmentation,Deploy 2023,4/25/2023,NA
NA,230000111737,NA,NA,128,Gravel Augmentation,Gravel Augmentation,Deploy 2023,4/25/2023,NA
NA,230000298009,NA,NA,256,Gravel Augmentation,Gravel Augmentation,Deploy 2023,4/25/2023,NA
NA,230000298010,NA,NA,256,Gravel Augmentation,Gravel Augmentation,Deploy 2023,4/25/2023,NA
NA,230000298015,NA,NA,256,Gravel Augmentation,Gravel Augmentation,Deploy 2023,4/25/2023,NA
NA,230000298018,NA,NA,256,Gravel Augmentation,Gravel Augmentation,Deploy 2023,4/25/2023,NA
NA,230000298019,NA,NA,256,Gravel Augmentation,Gravel Augmentation,Deploy 2023,4/25/2023,NA
NA,231000039792,NA,NA,32,Gravel Augmentation,Gravel Augmentation,Deploy 2023,4/25/2023,NA
50300,209000133204,50600*,50600,NA,GA1,Gravel Augmentation,Relocate 2023,NA,NA
50301,231000039712,50601b*,50601,NA,GA1,Gravel Augmentation,Relocate 2023,NA,NA
50302,209000133209,50602*,50602,NA,GA1,Gravel Augmentation,Relocate 2023,NA,NA
50303,209000133181,50603*,50603,NA,GA1,Gravel Augmentation,Relocate 2023,NA,NA
50304,226001370216,50604bh,50604,NA,GA1,Gravel Augmentation,Relocate 2023,NA,NA
50305,230000298006,50605*,50605,NA,GA1,Gravel Augmentation,Relocate 2023,NA,NA
50306,209000133155,50606*,50606,NA,GA1,Gravel Augmentation,Relocate 2023,NA,NA
50307,231000039751,50607h*,50607,NA,GA1,Gravel Augmentation,Relocate 2023,NA,NA
50308,209000133126,50608*,50608,NA,GA1,Gravel Augmentation,Relocate 2023,NA,NA
50309,209000133194,50609*,50609,NA,GA1,Gravel Augmentation,Relocate 2023,NA,NA
50310,209000133134,50610b*~,50610,NA,GA2,Gravel Augmentation,Relocate 2023,NA,NA
50311,226001370200,NA,NA,NA,GA2,Gravel Augmentation,Relocate 2023,NA,NA
50312,209000133192,50612h*,50612,NA,GA2,Gravel Augmentation,Relocate 2023,NA,NA
50313,231000039706,NA,NA,NA,GA2,Gravel Augmentation,Relocate 2023,NA,NA
50314,209000133185,50614b*~,50614,NA,GA3,Gravel Augmentation,Relocate 2023,NA,NA
50315,226001370294,NA,NA,NA,GA3,Gravel Augmentation,Relocate 2023,NA,NA
50316,209000133175,50616b*~,50616,NA,GA3,Gravel Augmentation,Relocate 2023,NA,NA
50317,209000133130,50617b*,50617,NA,GA4,Gravel Augmentation,Relocate 2023,NA,NA
50318,226001370293,NA,NA,NA,GA4,Gravel Augmentation,Relocate 2023,NA,NA
50319,209000133137,50619h*,50619,NA,GA4,Gravel Augmentation,Relocate 2023,NA,NA
50320,209000133179,50620h*,50620,NA,GA4,Gravel Augmentation,Relocate 2023,NA,NA
50321,209000133147,50621h*,50621,NA,GA5,Gravel Augmentation,Relocate 2023,NA,NA
50322,230000298016,50622*,50622,NA,GA5,Gravel Augmentation,Relocate 2023,NA,NA
50323,226001370275,NA,NA,NA,GA5,Gravel Augmentation,Relocate 2023,NA,NA
50324,209000133187,NA,NA,NA,GA5,Gravel Augmentation,Relocate 2023,NA,NA
50325,209000133183,NA,NA,NA,GA6,Gravel Augmentation,Relocate 2023,NA,NA
50326,209000133110,50626h*,50626,NA,GA6,Gravel Augmentation,Relocate 2023,NA,NA
50327,226001370330,NA,NA,NA,GA6,Gravel Augmentation,Relocate 2023,NA,NA
50328,209000133191,50628h*,50628,NA,GA6,Gravel Augmentation,Relocate 2023,NA,NA
50329,209000133151,50629bh*,50629,NA,GA6,Gravel Augmentation,Relocate 2023,NA,NA
50330,226001370205,50630b*,50630,NA,Overflow 1C,Gravel Augmentation,Relocate 2023,NA,NA
50331,226001370222,50631b,50631,NA,Overflow 1C,Gravel Augmentation,Relocate 2023,NA,NA
50332,226001370230,50632b*,50632,NA,Overflow 1C,Gravel Augmentation,Relocate 2023,NA,NA
50333,226001370203,NA,NA,NA,Overflow 1C,Gravel Augmentation,Relocate 2023,NA,NA
50334,226001370236,50634b*,50634,NA,Overflow 1C,Gravel Augmentation,Relocate 2023,NA,NA
50335,226001370259,NA,NA,NA,Overflow 1A,Gravel Augmentation,Relocate 2023,NA,NA
50336,226001370291,50636*,50636,NA,Overflow 1A,Gravel Augmentation,Relocate 2023,NA,NA
50337,226001370397,NA,NA,NA,Overflow 1A,Gravel Augmentation,Relocate 2023,NA,NA
50338,231000039741,NA,NA,NA,Overflow 1A,Gravel Augmentation,Relocate 2023,NA,NA
50339,226001370204,50639b*,50639,NA,Overflow 1A,Gravel Augmentation,Relocate 2023,NA,NA
50311,226001370200,NA,NA,NA,GA2,Gravel Augmentation,Relocate 2024,9/24/2024,NA
50313,231000039706,NA,NA,NA,GA2,Gravel Augmentation,Relocate 2024,9/24/2024,NA
50315,226001370294,NA,NA,NA,GA3,Gravel Augmentation,Relocate 2024,9/24/2024,NA
50318,226001370293,NA,NA,NA,GA4,Gravel Augmentation,Relocate 2024,9/24/2024,NA
50323,226001370275,NA,NA,NA,GA5,Gravel Augmentation,Relocate 2024,9/24/2024,NA
50324,209000133187,50924*,50924,NA,GA5,Gravel Augmentation,Relocate 2024,9/24/2024,NA
50325,209000133183,50925,50925,NA,GA6,Gravel Augmentation,Relocate 2024,9/24/2024,"from M34, survey = 146503"
50333,226001370203,NA,NA,NA,Overflow 1C,Gravel Augmentation,Relocate 2024,9/24/2024,NA
50335,226001370259,50935,50935,NA,Overflow 1A,Gravel Augmentation,Relocate 2024,9/24/2024,M34 Detection Only
50337,226001370397,NA,NA,NA,Overflow 1A,Gravel Augmentation,Relocate 2024,9/24/2024,NA
50338,231000039741,NA,NA,NA,Overflow 1A,Gravel Augmentation,Relocate 2024,9/24/2024,NA
50350,209000133132,NA,NA,NA,GA7,Gravel Augmentation,Relocate 2024,9/24/2024,NA
50351,231000039766,50951b~*,50951,NA,GA7,Gravel Augmentation,Relocate 2024,9/24/2024,NA
50352,230000111608,50952h*,50952,NA,GA7,Gravel Augmentation,Relocate 2024,9/24/2024,NA
50353,226001370221,NA,NA,NA,GA7,Gravel Augmentation,Relocate 2024,9/24/2024,NA
50354,209000132730,50954*,50954,NA,GA9,Gravel Augmentation,Relocate 2024,9/24/2024,NA
50355,226001370249,NA,NA,NA,GA9,Gravel Augmentation,Relocate 2024,9/24/2024,NA
50356,230000111711,50956*,50956,NA,GA9,Gravel Augmentation,Relocate 2024,9/24/2024,NA
50357,226001370262,NA,NA,NA,GA9,Gravel Augmentation,Relocate 2024,9/24/2024,NA
50358,226001370234,NA,NA,NA,GA8,Gravel Augmentation,Relocate 2024,9/24/2024,NA
50359,230000111611,50959b*,50959,NA,GA8,Gravel Augmentation,Relocate 2024,9/24/2024,NA
50360,226001370207,NA,NA,NA,GA8,Gravel Augmentation,Relocate 2024,9/24/2024,NA
50361,228000607522,NA,NA,NA,GA8,Gravel Augmentation,Relocate 2024,9/24/2024,NA
50362,228000607519,50962h*,50962,NA,GA11,Gravel Augmentation,Relocate 2024,9/24/2024,NA
50363,226001370214,NA,NA,NA,GA11,Gravel Augmentation,Relocate 2024,9/24/2024,NA
50364,230000111502,50964*,50964,NA,GA11,Gravel Augmentation,Relocate 2024,9/24/2024,NA
50365,226001370296,NA,NA,NA,GA11,Gravel Augmentation,Relocate 2024,9/24/2024,NA
50366,228000607500,50966b*,50966,NA,GA10,Gravel Augmentation,Relocate 2024,9/24/2024,NA
50367,209000132759,50967*,50967,NA,GA10,Gravel Augmentation,Relocate 2024,9/24/2024,NA
50368,231000039704,NA,NA,NA,GA10,Gravel Augmentation,Relocate 2024,9/24/2024,NA
50369,228000607525,NA,NA,NA,GA12,Gravel Augmentation,Relocate 2024,9/24/2024,NA
50370,226001370269,NA,NA,NA,GA12,Gravel Augmentation,Relocate 2024,9/24/2024,NA
50371,230000111553,50971*,50971,NA,GA12,Gravel Augmentation,Relocate 2024,9/24/2024,NA
50372,226001370325,NA,NA,NA,GA12,Gravel Augmentation,Relocate 2024,9/24/2024,NA
50600,209000133204,50900*,50900,NA,GA1,Gravel Augmentation,Relocate 2024,9/24/2024,NA
50601,231000039712,50901*,50901,NA,GA1,Gravel Augmentation,Relocate 2024,9/24/2024,NA
50602,209000133209,50902,50902,NA,GA1,Gravel Augmentation,Relocate 2024,9/24/2024,NA
50603,209000133181,50903*,50903,NA,GA1,Gravel Augmentation,Relocate 2024,9/24/2024,NA
50604,226001370216,NA,NA,NA,GA1,Gravel Augmentation,Relocate 2024,9/24/2024,NA
50605,230000298006,50905*,50905,NA,GA1,Gravel Augmentation,Relocate 2024,9/24/2024,NA
50606,209000133155,50906*,50906,NA,GA1,Gravel Augmentation,Relocate 2024,9/24/2024,NA
50607,231000039751,NA,NA,NA,GA1,Gravel Augmentation,Relocate 2024,9/24/2024,NA
50608,209000133126,50908*,50908,NA,GA1,Gravel Augmentation,Relocate 2024,9/24/2024,NA
50609,209000133194,50909*,50909,NA,GA1,Gravel Augmentation,Relocate 2024,9/24/2024,NA
50610,209000133134,50910b~,50910,NA,GA2,Gravel Augmentation,Relocate 2024,9/24/2024,NA
50612,209000133192,50912*,50912,NA,GA2,Gravel Augmentation,Relocate 2024,9/24/2024,NA
50614,209000133185,NA,NA,NA,GA3,Gravel Augmentation,Relocate 2024,9/24/2024,NA
50616,209000133175,NA,NA,NA,GA3,Gravel Augmentation,Relocate 2024,9/24/2024,NA
50617,209000133130,NA,NA,NA,GA4,Gravel Augmentation,Relocate 2024,9/24/2024,NA
50619,209000133137,50919*,50919,NA,GA4,Gravel Augmentation,Relocate 2024,9/24/2024,NA
50620,209000133179,50920*,50920,NA,GA4,Gravel Augmentation,Relocate 2024,9/24/2024,NA
50621,209000133147,50921b~*,50921,NA,GA5,Gravel Augmentation,Relocate 2024,9/24/2024,NA
50622,230000298016,50922*,50922,NA,GA5,Gravel Augmentation,Relocate 2024,9/24/2024,NA
50626,209000133110,50926h,50926,NA,GA6,Gravel Augmentation,Relocate 2024,9/24/2024,NA
50627,226001370330,NA,NA,NA,GA6,Gravel Augmentation,Relocate 2024,9/24/2024,NA
50628,209000133191,50928b*,50928,NA,GA6,Gravel Augmentation,Relocate 2024,9/24/2024,NA
50629,209000133151,50929b*,50929,NA,GA6,Gravel Augmentation,Relocate 2024,9/24/2024,NA
50630,226001370205,NA,NA,NA,Overflow 1C,Gravel Augmentation,Relocate 2024,9/24/2024,NA
50631,226001370222,NA,NA,NA,Overflow 1C,Gravel Augmentation,Relocate 2024,9/24/2024,NA
50632,226001370230,NA,NA,NA,Overflow 1C,Gravel Augmentation,Relocate 2024,9/24/2024,NA
50634,226001370236,NA,NA,NA,Overflow 1C,Gravel Augmentation,Relocate 2024,9/24/2024,NA
50636,226001370291,NA,NA,NA,Overflow 1A,Gravel Augmentation,Relocate 2024,9/24/2024,NA
50639,226001370204,50939b*,50939,NA,Overflow 1A,Gravel Augmentation,Relocate 2024,9/24/2024,NA
50350,209000133132,NA,NA,23,GA7,Gravel Augmentation,Deploy 2024_04,NA,NA
50351,231000039766,NA,NA,14,GA7,Gravel Augmentation,Deploy 2024_04,NA,NA
50352,230000111608,NA,NA,32,GA7,Gravel Augmentation,Deploy 2024_04,NA,NA
50353,226001370221,NA,NA,12,GA7,Gravel Augmentation,Deploy 2024_04,NA,NA
50354,209000132730,NA,NA,23,GA9,Gravel Augmentation,Deploy 2024_04,NA,NA
50355,226001370249,NA,NA,12,GA9,Gravel Augmentation,Deploy 2024_04,NA,NA
50356,230000111711,NA,NA,32,GA9,Gravel Augmentation,Deploy 2024_04,NA,NA
50357,226001370262,NA,NA,12,GA9,Gravel Augmentation,Deploy 2024_04,NA,NA
50358,226001370234,NA,NA,12,GA8,Gravel Augmentation,Deploy 2024_04,NA,NA
50359,230000111611,NA,NA,32,GA8,Gravel Augmentation,Deploy 2024_04,NA,NA
50360,226001370207,NA,NA,12,GA8,Gravel Augmentation,Deploy 2024_04,NA,NA
50361,228000607522,NA,NA,23,GA8,Gravel Augmentation,Deploy 2024_04,NA,NA
50362,228000607519,NA,NA,23,GA11,Gravel Augmentation,Deploy 2024_04,NA,Corrected with Eric. OldID on FieldSheet: 50394
50363,226001370214,NA,NA,12,GA11,Gravel Augmentation,Deploy 2024_04,NA,Corrected with Eric. OldID on FieldSheet:50395
50364,230000111502,NA,NA,32,GA11,Gravel Augmentation,Deploy 2024_04,NA,Corrected with Eric. OldID on FieldSheet: 50396
50365,226001370296,NA,NA,12,GA11,Gravel Augmentation,Deploy 2024_04,NA,Corrected with Eric. OldID on FieldSheet: 50397
50366,228000607500,NA,NA,23,GA10,Gravel Augmentation,Deploy 2024_04,NA,Corrected with Eric. OldID on FieldSheet: 50399
50367,209000132759,NA,NA,23,GA10,Gravel Augmentation,Deploy 2024_04,NA,Corrected with Eric. OldID on FieldSheet: 50400
50368,231000039704,NA,NA,14,GA10,Gravel Augmentation,Deploy 2024_04,NA,Corrected with Eric. OldID on FieldSheet: 50401
50369,228000607525,NA,NA,23,GA12,Gravel Augmentation,Deploy 2024_04,NA,Corrected with Eric. OldID on FieldSheet: 50402
50370,226001370269,NA,NA,12,GA12,Gravel Augmentation,Deploy 2024_04,NA,Corrected with Eric. OldID on FieldSheet:50403
50371,230000111553,NA,NA,32,GA12,Gravel Augmentation,Deploy 2024_04,NA,Corrected with Eric. OldID on FieldSheet: 50404
50372,226001370325,NA,NA,12,GA12,Gravel Augmentation,Deploy 2024_04,NA,Corrected with Eric. OldID on FieldSheet: 50405
NA,209000133113,NA,NA,23,,Gravel Augmentation,Deploy 2024_04,NA,NA
NA,226001370201,NA,NA,12,,Gravel Augmentation,Deploy 2024_04,NA,NA
NA,226001370208,NA,NA,12,,Gravel Augmentation,Deploy 2024_04,NA,NA
NA,226001370225,NA,NA,12,,Gravel Augmentation,Deploy 2024_04,NA,NA
NA,226001370227,NA,NA,12,,Gravel Augmentation,Deploy 2024_04,NA,NA
NA,226001370241,NA,NA,12,,Gravel Augmentation,Deploy 2024_04,NA,NA
NA,226001370247,NA,NA,12,,Gravel Augmentation,Deploy 2024_04,NA,NA
NA,226001370273,NA,NA,12,,Gravel Augmentation,Deploy 2024_04,NA,NA
NA,226001370276,NA,NA,12,,Gravel Augmentation,Deploy 2024_04,NA,NA
NA,228000607518,NA,NA,23,,Gravel Augmentation,Deploy 2024_04,NA,NA
NA,228000607523,NA,NA,23,,Gravel Augmentation,Deploy 2024_04,NA,NA
NA,228000607542,NA,NA,23,,Gravel Augmentation,Deploy 2024_04,NA,NA
NA,228000607553,NA,NA,23,,Gravel Augmentation,Deploy 2024_04,NA,NA
NA,228000607555,NA,NA,23,,Gravel Augmentation,Deploy 2024_04,NA,NA
NA,228000607574,NA,NA,23,,Gravel Augmentation,Deploy 2024_04,NA,NA
NA,230000111526,NA,NA,32,,Gravel Augmentation,Deploy 2024_04,NA,NA
NA,230000111620,NA,NA,32,,Gravel Augmentation,Deploy 2024_04,NA,NA
NA,230000111655,NA,NA,32,,Gravel Augmentation,Deploy 2024_04,NA,NA
NA,231000039792,NA,NA,14,,Gravel Augmentation,Deploy 2024_04,NA,NA
51087,209000132715,NA,NA,23,0,Riffle 0,Deploy 2024_10,NA,NA
51031,209000132717,NA,NA,23,0,Riffle 0,Deploy 2024_10,NA,NA
51069,209000132718,NA,NA,23,0,Riffle 0,Deploy 2024_10,NA,NA
51023,209000132719,NA,NA,23,0,Riffle 0,Deploy 2024_10,NA,NA
51047,209000132724,NA,NA,23,0,Riffle 0,Deploy 2024_10,NA,NA
51049,209000132728,NA,NA,23,0,Riffle 0,Deploy 2024_10,NA,NA
51060,209000132746,NA,NA,23,0,Riffle 0,Deploy 2024_10,NA,NA
51094,209000132755,NA,NA,23,0,Riffle 0,Deploy 2024_10,NA,NA
51025,209000132778,NA,NA,23,0,Riffle 0,Deploy 2024_10,NA,NA
51071,209000132788,NA,NA,23,0,Riffle 0,Deploy 2024_10,NA,NA
51005,209000132794,NA,NA,23,0,Riffle 0,Deploy 2024_10,NA,NA
51003,209000132800,NA,NA,23,0,Riffle 0,Deploy 2024_10,NA,NA
51063,209000133124,NA,NA,23,0,Riffle 0,Deploy 2024_10,NA,NA
51045,209000133128,NA,NA,23,0,Riffle 0,Deploy 2024_10,NA,NA
51080,209000133163,NA,NA,23,0,Riffle 0,Deploy 2024_10,NA,NA
51009,209000133171,NA,NA,23,0,Riffle 0,Deploy 2024_10,NA,NA
51033,209000133200,NA,NA,23,0,Riffle 0,Deploy 2024_10,NA,NA
51021,209000133207,NA,NA,23,0,Riffle 0,Deploy 2024_10,NA,NA
51084,226001370209,NA,NA,12,0,Riffle 0,Deploy 2024_10,NA,NA
51098,226001370227,NA,NA,14,0,Riffle 0,Deploy 2024_10,NA,NA
51082,226001370231,NA,NA,12,0,Riffle 0,Deploy 2024_10,NA,NA
51024,226001370238,NA,NA,12,0,Riffle 0,Deploy 2024_10,NA,NA
51050,226001370239,NA,NA,12,0,Riffle 0,Deploy 2024_10,NA,NA
51018,226001370245,NA,NA,12,0,Riffle 0,Deploy 2024_10,NA,NA
51046,226001370251,NA,NA,12,0,Riffle 0,Deploy 2024_10,NA,NA
51061,226001370255,NA,NA,12,0,Riffle 0,Deploy 2024_10,NA,NA
51059,226001370274,NA,NA,12,0,Riffle 0,Deploy 2024_10,NA,NA
51077,226001370279,NA,NA,12,0,Riffle 0,Deploy 2024_10,NA,NA
51016,226001370287,NA,NA,12,0,Riffle 0,Deploy 2024_10,NA,NA
51086,226001370288,NA,NA,12,0,Riffle 0,Deploy 2024_10,NA,NA
51022,226001370290,NA,NA,12,0,Riffle 0,Deploy 2024_10,NA,NA
51011,226001370295,NA,NA,12,0,Riffle 0,Deploy 2024_10,NA,NA
51013,226001370301,NA,NA,12,0,Riffle 0,Deploy 2024_10,NA,NA
51028,226001370302,NA,NA,12,0,Riffle 0,Deploy 2024_10,NA,NA
51054,226001370305,NA,NA,12,0,Riffle 0,Deploy 2024_10,NA,NA
51040,226001370307,NA,NA,12,0,Riffle 0,Deploy 2024_10,NA,NA
51095,226001370320,NA,NA,12,0,Riffle 0,Deploy 2024_10,NA,NA
51078,226001370323,NA,NA,12,0,Riffle 0,Deploy 2024_10,NA,NA
51053,226001370328,NA,NA,12,0,Riffle 0,Deploy 2024_10,NA,NA
51036,226001370336,NA,NA,12,0,Riffle 0,Deploy 2024_10,NA,NA
51072,226001370347,NA,NA,12,0,Riffle 0,Deploy 2024_10,NA,NA
51075,226001370354,NA,NA,12,0,Riffle 0,Deploy 2024_10,NA,NA
51020,226001370357,NA,NA,12,0,Riffle 0,Deploy 2024_10,NA,NA
51056,226001370358,NA,NA,12,0,Riffle 0,Deploy 2024_10,NA,NA
51048,226001370362,NA,NA,12,0,Riffle 0,Deploy 2024_10,NA,NA
51093,226001370369,NA,NA,12,0,Riffle 0,Deploy 2024_10,NA,NA
51038,226001370371,NA,NA,12,0,Riffle 0,Deploy 2024_10,NA,NA
51015,226001370381,NA,NA,12,0,Riffle 0,Deploy 2024_10,NA,NA
51032,226001370384,NA,NA,12,0,Riffle 0,Deploy 2024_10,NA,NA
51026,226001370393,NA,NA,12,0,Riffle 0,Deploy 2024_10,NA,NA
51041,226001370399,NA,NA,12,0,Riffle 0,Deploy 2024_10,NA,NA
51043,228000607501,NA,NA,23,0,Riffle 0,Deploy 2024_10,NA,NA
51097,228000607502,NA,NA,23,0,Riffle 0,Deploy 2024_10,NA,NA
51004,228000607510,NA,NA,23,0,Riffle 0,Deploy 2024_10,NA,NA
51070,228000607515,NA,NA,23,0,Riffle 0,Deploy 2024_10,NA,NA
51029,228000607536,NA,NA,23,0,Riffle 0,Deploy 2024_10,NA,NA
51019,228000607551,NA,NA,23,0,Riffle 0,Deploy 2024_10,NA,NA
51001,228000607556,NA,NA,23,0,Riffle 0,Deploy 2024_10,NA,NA
51042,228000607559,NA,NA,23,0,Riffle 0,Deploy 2024_10,NA,NA
51044,228000607562,NA,NA,23,0,Riffle 0,Deploy 2024_10,NA,NA
51052,228000607566,NA,NA,23,0,Riffle 0,Deploy 2024_10,NA,NA
51096,230000111503,NA,NA,32,0,Riffle 0,Deploy 2024_10,NA,NA
51014,230000111516,NA,NA,32,0,Riffle 0,Deploy 2024_10,NA,NA
51073,230000111517,NA,NA,32,0,Riffle 0,Deploy 2024_10,NA,NA
51010,230000111521,NA,NA,32,0,Riffle 0,Deploy 2024_10,NA,NA
51017,230000111525,NA,NA,32,0,Riffle 0,Deploy 2024_10,NA,NA
51002,230000111531,NA,NA,32,0,Riffle 0,Deploy 2024_10,NA,NA
51051,230000111532,NA,NA,32,0,Riffle 0,Deploy 2024_10,NA,NA
51099,230000111535,NA,NA,23,0,Riffle 0,Deploy 2024_10,NA,NA
51037,230000111544,NA,NA,32,0,Riffle 0,Deploy 2024_10,NA,NA
51055,230000111549,NA,NA,32,0,Riffle 0,Deploy 2024_10,NA,NA
51090,230000111552,NA,NA,32,0,Riffle 0,Deploy 2024_10,NA,NA
51081,230000111556,NA,NA,32,0,Riffle 0,Deploy 2024_10,NA,NA
51068,230000111577,NA,NA,32,0,Riffle 0,Deploy 2024_10,NA,NA
51027,230000111595,NA,NA,32,0,Riffle 0,Deploy 2024_10,NA,NA
51066,230000111609,NA,NA,32,0,Riffle 0,Deploy 2024_10,NA,NA
51065,230000111615,NA,NA,32,0,Riffle 0,Deploy 2024_10,NA,NA
51079,230000111618,NA,NA,32,0,Riffle 0,Deploy 2024_10,NA,NA
51035,230000111623,NA,NA,32,0,Riffle 0,Deploy 2024_10,NA,NA
51092,230000111641,NA,NA,32,0,Riffle 0,Deploy 2024_10,NA,NA
51085,230000111642,NA,NA,32,0,Riffle 0,Deploy 2024_10,NA,NA
51057,230000111647,NA,NA,32,0,Riffle 0,Deploy 2024_10,NA,NA
51006,230000111651,NA,NA,32,0,Riffle 0,Deploy 2024_10,NA,NA
51000,230000111676,NA,NA,32,0,Riffle 0,Deploy 2024_10,NA,NA
51064,230000111689,NA,NA,32,0,Riffle 0,Deploy 2024_10,NA,NA
51089,230000111693,NA,NA,32,0,Riffle 0,Deploy 2024_10,NA,NA
51062,230000111701,NA,NA,32,0,Riffle 0,Deploy 2024_10,NA,NA
51012,230000111714,NA,NA,32,0,Riffle 0,Deploy 2024_10,NA,NA
51008,230000111715,NA,NA,32,0,Riffle 0,Deploy 2024_10,NA,NA
51091,230000111720,NA,NA,32,0,Riffle 0,Deploy 2024_10,NA,NA
51039,230000111722,NA,NA,32,0,Riffle 0,Deploy 2024_10,NA,NA
51067,230000111730,NA,NA,32,0,Riffle 0,Deploy 2024_10,NA,NA
51076,230000111736,NA,NA,32,0,Riffle 0,Deploy 2024_10,NA,NA
51083,230000111737,NA,NA,32,0,Riffle 0,Deploy 2024_10,NA,NA
51030,230000111741,NA,NA,32,0,Riffle 0,Deploy 2024_10,NA,NA
51034,231000039719,NA,NA,14,0,Riffle 0,Deploy 2024_10,NA,NA
51088,231000039721,NA,NA,14,0,Riffle 0,Deploy 2024_10,NA,NA
51007,231000039742,NA,NA,14,0,Riffle 0,Deploy 2024_10,NA,NA
51074,231000039772,NA,NA,14,0,Riffle 0,Deploy 2024_10,NA,NA
51058,231000039778,NA,NA,14,0,Riffle 0,Deploy 2024_10,NA,NA
50225,226001370206,NA,NA,32,1,Riffle 1,Deploy 2023,4/24/2023,NA
50206,226001370212,NA,NA,16,1,Riffle 1,Deploy 2023,4/24/2023,NA
50298,226001370215,NA,NA,16,1,Riffle 1,Deploy 2023,4/24/2023,NA
50276,226001370219,NA,NA,32,1,Riffle 1,Deploy 2023,4/24/2023,NA
50285,226001370228,NA,NA,16,1,Riffle 1,Deploy 2023,4/24/2023,NA
50227,226001370232,NA,NA,32,1,Riffle 1,Deploy 2023,4/24/2023,NA
50296,226001370235,NA,NA,16,1,Riffle 1,Deploy 2023,4/24/2023,NA
50294,226001370237,NA,NA,32,1,Riffle 1,Deploy 2023,4/24/2023,NA
50239,226001370243,NA,NA,16,1,Riffle 1,Deploy 2023,4/24/2023,NA
50257,226001370244,NA,NA,16,1,Riffle 1,Deploy 2023,4/24/2023,NA
50209,226001370256,NA,NA,16,1,Riffle 1,Deploy 2023,4/24/2023,NA
50230,226001370264,NA,NA,32,1,Riffle 1,Deploy 2023,4/24/2023,NA
50235,226001370277,NA,NA,16,1,Riffle 1,Deploy 2023,4/24/2023,NA
50204,226001370281,NA,NA,16,1,Riffle 1,Deploy 2023,4/24/2023,NA
50215,226001370292,NA,NA,16,1,Riffle 1,Deploy 2023,4/24/2023,NA
50219,226001370318,NA,NA,16,1,Riffle 1,Deploy 2023,4/24/2023,NA
50270,226001370337,NA,NA,16,1,Riffle 1,Deploy 2023,4/24/2023,NA
50278,226001370342,NA,NA,16,1,Riffle 1,Deploy 2023,4/24/2023,NA
50245,226001370356,NA,NA,16,1,Riffle 1,Deploy 2023,4/24/2023,NA
50221,226001370376,NA,NA,16,1,Riffle 1,Deploy 2023,4/24/2023,NA
50269,228000607505,NA,NA,64,1,Riffle 1,Deploy 2023,4/24/2023,NA
50247,228000607507,NA,NA,64,1,Riffle 1,Deploy 2023,4/24/2023,NA
50251,228000607509,NA,NA,64,1,Riffle 1,Deploy 2023,4/24/2023,NA
50208,228000607513,NA,NA,64,1,Riffle 1,Deploy 2023,4/24/2023,NA
50280,228000607516,NA,NA,64,1,Riffle 1,Deploy 2023,4/24/2023,NA
50258,228000607517,NA,NA,64,1,Riffle 1,Deploy 2023,4/24/2023,NA
50273,228000607520,NA,NA,64,1,Riffle 1,Deploy 2023,4/24/2023,NA
50266,228000607524,NA,NA,64,1,Riffle 1,Deploy 2023,4/24/2023,NA
50218,228000607532,NA,NA,64,1,Riffle 1,Deploy 2023,4/24/2023,NA
50286,228000607533,NA,NA,64,1,Riffle 1,Deploy 2023,4/24/2023,NA
50255,228000607534,NA,NA,64,1,Riffle 1,Deploy 2023,4/24/2023,NA
50267,228000607535,NA,NA,64,1,Riffle 1,Deploy 2023,4/24/2023,NA
50283,228000607537,NA,NA,64,1,Riffle 1,Deploy 2023,4/24/2023,NA
50254,228000607541,NA,NA,64,1,Riffle 1,Deploy 2023,4/24/2023,NA
50217,228000607546,NA,NA,64,1,Riffle 1,Deploy 2023,4/24/2023,NA
50252,228000607549,NA,NA,64,1,Riffle 1,Deploy 2023,4/24/2023,NA
50234,228000607552,NA,NA,64,1,Riffle 1,Deploy 2023,4/24/2023,NA
50259,228000607560,NA,NA,64,1,Riffle 1,Deploy 2023,4/24/2023,NA
50272,228000607565,NA,NA,64,1,Riffle 1,Deploy 2023,4/24/2023,NA
50253,228000607571,NA,NA,64,1,Riffle 1,Deploy 2023,4/24/2023,NA
50263,228000607573,NA,NA,64,1,Riffle 1,Deploy 2023,4/24/2023,NA
50256,228000607577,NA,NA,64,1,Riffle 1,Deploy 2023,4/24/2023,NA
50293,230000111507,NA,NA,256,1,Riffle 1,Deploy 2023,4/24/2023,NA
50287,230000111510,NA,NA,256,1,Riffle 1,Deploy 2023,4/24/2023,NA
50275,230000111523,NA,NA,128,1,Riffle 1,Deploy 2023,4/24/2023,NA
50279,230000111527,NA,NA,90,1,Riffle 1,Deploy 2023,4/24/2023,NA
50271,230000111534,NA,NA,180,1,Riffle 1,Deploy 2023,4/24/2023,NA
50237,230000111540,NA,NA,90,1,Riffle 1,Deploy 2023,4/24/2023,NA
50274,230000111541,NA,NA,>256,1,Riffle 1,Deploy 2023,4/24/2023,NA
50236,230000111545,NA,NA,90,1,Riffle 1,Deploy 2023,4/24/2023,NA
50290,230000111548,NA,NA,90,1,Riffle 1,Deploy 2023,4/24/2023,NA
50226,230000111551,NA,NA,128,1,Riffle 1,Deploy 2023,4/24/2023,NA
50246,230000111555,NA,NA,90,1,Riffle 1,Deploy 2023,4/24/2023,NA
50260,230000111560,NA,NA,64,1,Riffle 1,Deploy 2023,4/24/2023,NA
50212,230000111562,NA,NA,180,1,Riffle 1,Deploy 2023,4/24/2023,NA
50262,230000111566,NA,NA,128,1,Riffle 1,Deploy 2023,4/24/2023,NA
50297,230000111567,NA,NA,90,1,Riffle 1,Deploy 2023,4/24/2023,NA
50291,230000111570,NA,NA,128,1,Riffle 1,Deploy 2023,4/24/2023,NA
50228,230000111575,NA,NA,90,1,Riffle 1,Deploy 2023,4/24/2023,NA
50207,230000111578,NA,NA,>256,1,Riffle 1,Deploy 2023,4/24/2023,NA
50222,230000111581,NA,NA,90,1,Riffle 1,Deploy 2023,4/24/2023,NA
50242,230000111592,NA,NA,128,1,Riffle 1,Deploy 2023,4/24/2023,NA
50295,230000111594,NA,NA,90,1,Riffle 1,Deploy 2023,4/24/2023,NA
50220,230000111596,NA,NA,90,1,Riffle 1,Deploy 2023,4/24/2023,NA
50250,230000111614,NA,NA,256,1,Riffle 1,Deploy 2023,4/24/2023,NA
50288,230000111624,NA,NA,180,1,Riffle 1,Deploy 2023,4/24/2023,NA
50216,230000111631,NA,NA,64,1,Riffle 1,Deploy 2023,4/24/2023,NA
50268,230000111643,NA,NA,128,1,Riffle 1,Deploy 2023,4/24/2023,NA
50248,230000111644,NA,NA,90,1,Riffle 1,Deploy 2023,4/24/2023,NA
50299,230000111648,NA,NA,90,1,Riffle 1,Deploy 2023,4/24/2023,NA
50233,230000111668,NA,NA,128,1,Riffle 1,Deploy 2023,4/24/2023,NA
50289,230000111677,NA,NA,90,1,Riffle 1,Deploy 2023,4/24/2023,NA
50202,230000111683,NA,NA,128,1,Riffle 1,Deploy 2023,4/24/2023,NA
50277,230000111684,NA,NA,128,1,Riffle 1,Deploy 2023,4/24/2023,NA
50240,230000111686,NA,NA,90,1,Riffle 1,Deploy 2023,4/24/2023,NA
50244,230000111695,NA,NA,90,1,Riffle 1,Deploy 2023,4/24/2023,NA
50249,230000111698,NA,NA,90,1,Riffle 1,Deploy 2023,4/24/2023,NA
50231,230000111700,NA,NA,90,1,Riffle 1,Deploy 2023,4/24/2023,NA
50205,230000111708,NA,NA,128,1,Riffle 1,Deploy 2023,4/24/2023,NA
50200,230000111712,NA,NA,128,1,Riffle 1,Deploy 2023,4/24/2023,NA
50292,230000111716,NA,NA,128,1,Riffle 1,Deploy 2023,4/24/2023,NA
50210,230000111717,NA,NA,90,1,Riffle 1,Deploy 2023,4/24/2023,NA
50214,230000111725,NA,NA,256,1,Riffle 1,Deploy 2023,4/24/2023,NA
50282,230000111728,NA,NA,180,1,Riffle 1,Deploy 2023,4/24/2023,NA
50229,230000111733,NA,NA,>256,1,Riffle 1,Deploy 2023,4/24/2023,NA
50224,230000111734,NA,NA,128,1,Riffle 1,Deploy 2023,4/24/2023,NA
50238,230000111735,NA,NA,128,1,Riffle 1,Deploy 2023,4/24/2023,NA
50213,230000111746,NA,NA,90,1,Riffle 1,Deploy 2023,4/24/2023,NA
50284,230000298011,NA,NA,256,1,Riffle 1,Deploy 2023,4/24/2023,NA
50265,230000298013,NA,NA,256,1,Riffle 1,Deploy 2023,4/24/2023,NA
50211,231000039702,NA,NA,32,1,Riffle 1,Deploy 2023,4/24/2023,NA
50264,231000039711,NA,NA,32,1,Riffle 1,Deploy 2023,4/24/2023,NA
50203,231000039714,NA,NA,32,1,Riffle 1,Deploy 2023,4/24/2023,NA
50281,231000039720,NA,NA,32,1,Riffle 1,Deploy 2023,4/24/2023,NA
50223,231000039733,NA,NA,32,1,Riffle 1,Deploy 2023,4/24/2023,NA
50261,231000039735,NA,NA,32,1,Riffle 1,Deploy 2023,4/24/2023,NA
50201,231000039738,NA,NA,32,1,Riffle 1,Deploy 2023,4/24/2023,NA
50232,231000039758,NA,NA,32,1,Riffle 1,Deploy 2023,4/24/2023,NA
50241,231000039765,NA,NA,32,1,Riffle 1,Deploy 2023,4/24/2023,NA
50243,231000039781,NA,NA,32,1,Riffle 1,Deploy 2023,4/24/2023,NA
50200,230000111712,50400*,50400,NA,1,Riffle 1,Relocate 2023,9/25/2023,NA
50201,231000039738,50401b,50401,NA,1,Riffle 1,Relocate 2023,9/25/2023,NA
50202,230000111683,50402*,50402,NA,1,Riffle 1,Relocate 2023,9/25/2023,NA
50203,231000039714,50403*,50403,NA,1,Riffle 1,Relocate 2023,9/25/2023,NA
50204,226001370281,NA,NA,NA,1,Riffle 1,Relocate 2023,9/25/2023,NA
50205,230000111708,50405*,50405,NA,1,Riffle 1,Relocate 2023,9/25/2023,NA
50206,226001370212,NA,NA,NA,1,Riffle 1,Relocate 2023,9/25/2023,NA
50207,230000111578,50407*,50407,NA,1,Riffle 1,Relocate 2023,9/25/2023,NA
50208,228000607513,50408*,50408,NA,1,Riffle 1,Relocate 2023,9/25/2023,NA
50209,226001370256,NA,NA,NA,1,Riffle 1,Relocate 2023,9/25/2023,NA
50210,230000111717,50410*,50410,NA,1,Riffle 1,Relocate 2023,9/25/2023,NA
50211,231000039702,50411b,50411,NA,1,Riffle 1,Relocate 2023,9/25/2023,NA
50212,230000111562,50412,50412,NA,1,Riffle 1,Relocate 2023,9/25/2023,NA
50213,230000111746,50413*,50413,NA,1,Riffle 1,Relocate 2023,9/25/2023,NA
50214,230000111725,50414*,50414,NA,1,Riffle 1,Relocate 2023,9/25/2023,NA
50215,226001370292,NA,NA,NA,1,Riffle 1,Relocate 2023,9/25/2023,NA
50216,230000111631,50416*,50416,NA,1,Riffle 1,Relocate 2023,9/25/2023,NA
50217,228000607546,50417*,50417,NA,1,Riffle 1,Relocate 2023,9/25/2023,NA
50218,228000607532,50418*,50418,NA,1,Riffle 1,Relocate 2023,9/25/2023,NA
50219,226001370318,NA,NA,NA,1,Riffle 1,Relocate 2023,9/25/2023,NA
50220,230000111596,50420*,50420,NA,1,Riffle 1,Relocate 2023,9/25/2023,NA
50221,226001370376,NA,NA,NA,1,Riffle 1,Relocate 2023,9/25/2023,NA
50222,230000111581,50422*,50422,NA,1,Riffle 1,Relocate 2023,9/25/2023,NA
50223,231000039733,50423h*,50423,NA,1,Riffle 1,Relocate 2023,9/25/2023,NA
50224,230000111734,50424*,50424,NA,1,Riffle 1,Relocate 2023,9/25/2023,NA
50225,226001370206,NA,NA,NA,1,Riffle 1,Relocate 2023,9/25/2023,NA
50226,230000111551,50426,50426,NA,1,Riffle 1,Relocate 2023,9/25/2023,NA
50227,226001370232,50427b*,50427,NA,1,Riffle 1,Relocate 2023,9/25/2023,NA
50228,230000111575,50428b*,50428,NA,1,Riffle 1,Relocate 2023,9/25/2023,NA
50229,230000111733,50429*,50429,NA,1,Riffle 1,Relocate 2023,9/25/2023,NA
50230,226001370264,50430bh*,50430,NA,1,Riffle 1,Relocate 2023,9/25/2023,NA
50231,230000111700,50431*,50431,NA,1,Riffle 1,Relocate 2023,9/25/2023,NA
50232,231000039758,50432bh*,50432,NA,1,Riffle 1,Relocate 2023,9/25/2023,NA
50233,230000111668,50433*,50433,NA,1,Riffle 1,Relocate 2023,9/25/2023,NA
50234,228000607552,50434*,50434,NA,1,Riffle 1,Relocate 2023,9/25/2023,NA
50235,226001370277,50435*,50435,NA,1,Riffle 1,Relocate 2023,9/25/2023,NA
50236,230000111545,50436*,50436,NA,1,Riffle 1,Relocate 2023,9/25/2023,NA
50237,230000111540,50437*,50437,NA,1,Riffle 1,Relocate 2023,9/25/2023,NA
50238,230000111735,50438*,50438,NA,1,Riffle 1,Relocate 2023,9/25/2023,NA
50239,226001370243,NA,NA,NA,1,Riffle 1,Relocate 2023,9/25/2023,NA
50240,230000111686,50440*,50440,NA,1,Riffle 1,Relocate 2023,9/25/2023,NA
50241,231000039765,NA,NA,NA,1,Riffle 1,Relocate 2023,9/25/2023,NA
50242,230000111592,50442*,50442,NA,1,Riffle 1,Relocate 2023,9/25/2023,NA
50243,231000039781,50443b,50443,NA,1,Riffle 1,Relocate 2023,9/25/2023,NA
50244,230000111695,50444*,50444,NA,1,Riffle 1,Relocate 2023,9/25/2023,NA
50245,226001370356,NA,NA,NA,1,Riffle 1,Relocate 2023,9/25/2023,NA
50246,230000111555,50446h,50446,NA,1,Riffle 1,Relocate 2023,9/25/2023,NA
50247,228000607507,50447b,50447,NA,1,Riffle 1,Relocate 2023,9/25/2023,NA
50248,230000111644,50448h*,50448,NA,1,Riffle 1,Relocate 2023,9/25/2023,NA
50249,230000111698,50449*,50449,NA,1,Riffle 1,Relocate 2023,9/25/2023,NA
50250,230000111614,50450*,50450,NA,1,Riffle 1,Relocate 2023,9/25/2023,NA
50251,228000607509,50451b,50451,NA,1,Riffle 1,Relocate 2023,9/25/2023,NA
50252,228000607549,50452bh*,50452,NA,1,Riffle 1,Relocate 2023,9/25/2023,NA
50253,228000607571,50453*,50453,NA,1,Riffle 1,Relocate 2023,9/25/2023,NA
50254,228000607541,50454h*,50454,NA,1,Riffle 1,Relocate 2023,9/25/2023,NA
50255,228000607534,50455,50455,NA,1,Riffle 1,Relocate 2023,9/25/2023,NA
50256,228000607577,50456h,50456,NA,1,Riffle 1,Relocate 2023,9/25/2023,NA
50257,226001370244,50457bh*,50457,NA,1,Riffle 1,Relocate 2023,9/25/2023,NA
50258,228000607517,50458*,50458,NA,1,Riffle 1,Relocate 2023,9/25/2023,NA
50259,228000607560,50459*,50459,NA,1,Riffle 1,Relocate 2023,9/25/2023,NA
50260,230000111560,50460*,50460,NA,1,Riffle 1,Relocate 2023,9/25/2023,NA
50261,231000039735,50461hb*,50461,NA,1,Riffle 1,Relocate 2023,9/25/2023,NA
50262,230000111566,50462*,50462,NA,1,Riffle 1,Relocate 2023,9/25/2023,NA
50263,228000607573,50463h*,50463,NA,1,Riffle 1,Relocate 2023,9/25/2023,NA
50264,231000039711,NA,NA,NA,1,Riffle 1,Relocate 2023,9/25/2023,NA
50265,230000298013,50465*,50465,NA,1,Riffle 1,Relocate 2023,9/25/2023,NA
50266,228000607524,50466h*,50466,NA,1,Riffle 1,Relocate 2023,9/25/2023,NA
50267,228000607535,50467bh*,50467,NA,1,Riffle 1,Relocate 2023,9/25/2023,NA
50268,230000111643,50468*,50468,NA,1,Riffle 1,Relocate 2023,9/25/2023,NA
50269,228000607505,50469*,50469,NA,1,Riffle 1,Relocate 2023,9/25/2023,NA
50270,226001370337,NA,NA,NA,1,Riffle 1,Relocate 2023,9/25/2023,NA
50271,230000111534,50471h*,50471,NA,1,Riffle 1,Relocate 2023,9/25/2023,NA
50272,228000607565,50472hb*,50472,NA,1,Riffle 1,Relocate 2023,9/25/2023,NA
50273,228000607520,50473h*,50473,NA,1,Riffle 1,Relocate 2023,9/25/2023,NA
50274,230000111541,50474*,50474,NA,1,Riffle 1,Relocate 2023,9/25/2023,NA
50275,230000111523,50475h*,50475,NA,1,Riffle 1,Relocate 2023,9/25/2023,NA
50276,226001370219,NA,NA,NA,1,Riffle 1,Relocate 2023,9/25/2023,NA
50277,230000111684,50477h*,50477,NA,1,Riffle 1,Relocate 2023,9/25/2023,NA
50278,226001370342,NA,NA,NA,1,Riffle 1,Relocate 2023,9/25/2023,NA
50279,230000111527,50479*,50479,NA,1,Riffle 1,Relocate 2023,9/25/2023,NA
50280,228000607516,50480b,50480,NA,1,Riffle 1,Relocate 2023,9/25/2023,NA
50281,231000039720,50481h*,50481,NA,1,Riffle 1,Relocate 2023,9/25/2023,NA
50282,230000111728,50482*,50482,NA,1,Riffle 1,Relocate 2023,9/25/2023,NA
50283,228000607537,50483h*,50483,NA,1,Riffle 1,Relocate 2023,9/25/2023,NA
50284,230000298011,50484h*,50484,NA,1,Riffle 1,Relocate 2023,9/25/2023,NA
50285,226001370228,NA,NA,NA,1,Riffle 1,Relocate 2023,9/25/2023,NA
50286,228000607533,50486*,50486,NA,1,Riffle 1,Relocate 2023,9/25/2023,NA
50287,230000111510,50487h*,50487,NA,1,Riffle 1,Relocate 2023,9/25/2023,NA
50288,230000111624,50488*,50488,NA,1,Riffle 1,Relocate 2023,9/25/2023,NA
50289,230000111677,50489h*,50489,NA,1,Riffle 1,Relocate 2023,9/25/2023,NA
50290,230000111548,50490h,50490,NA,1,Riffle 1,Relocate 2023,9/25/2023,NA
50291,230000111570,50491h*,50491,NA,1,Riffle 1,Relocate 2023,9/25/2023,NA
50292,230000111716,50492h*,50492,NA,1,Riffle 1,Relocate 2023,9/25/2023,NA
50293,230000111507,50493*,50493,NA,1,Riffle 1,Relocate 2023,9/25/2023,NA
50294,226001370237,50494b*,50494,NA,1,Riffle 1,Relocate 2023,9/25/2023,NA
50295,230000111594,50495bh*,50495,NA,1,Riffle 1,Relocate 2023,9/25/2023,NA
50296,226001370235,NA,NA,NA,1,Riffle 1,Relocate 2023,9/25/2023,NA
50297,230000111567,50497bh,50497,NA,1,Riffle 1,Relocate 2023,9/25/2023,NA
50298,226001370215,NA,NA,NA,1,Riffle 1,Relocate 2023,9/25/2023,NA
50299,230000111648,50499bh*,50499,NA,1,Riffle 1,Relocate 2023,9/25/2023,NA
50400,230000111712,50700*,50700,NA,1,Riffle 1,Relocate 2024,9/24/2024,NA
50401,231000039738,50701b~,50701,NA,1,Riffle 1,Relocate 2024,9/24/2024,NA
50402,230000111683,50702b~,50702,NA,1,Riffle 1,Relocate 2024,9/24/2024,NA
50403,231000039714,50703b*,50703,NA,1,Riffle 1,Relocate 2024,9/24/2024,NA
50204,226001370281,NA,NA,NA,1,Riffle 1,Relocate 2024,9/24/2024,NA
50405,230000111708,50705,50705,NA,1,Riffle 1,Relocate 2024,9/24/2024,NA
50206,226001370212,NA,NA,NA,1,Riffle 1,Relocate 2024,9/24/2024,NA
50407,230000111578,50707,50707,NA,1,Riffle 1,Relocate 2024,9/24/2024,NA
50408,228000607513,50708b,50708,NA,1,Riffle 1,Relocate 2024,9/24/2024,NA
50209,226001370256,50709b~*,50709,NA,1,Riffle 1,Relocate 2024,9/24/2024,NA
50410,230000111717,50710,50710,NA,1,Riffle 1,Relocate 2024,9/24/2024,NA
50411,231000039702,50711b*,50711,NA,1,Riffle 1,Relocate 2024,9/24/2024,NA
50412,230000111562,50712,50712,NA,1,Riffle 1,Relocate 2024,9/24/2024,NA
50413,230000111746,50713*,50713,NA,1,Riffle 1,Relocate 2024,9/24/2024,NA
50414,230000111725,50714,50714,NA,1,Riffle 1,Relocate 2024,9/24/2024,NA
50215,226001370292,NA,NA,NA,1,Riffle 1,Relocate 2024,9/24/2024,NA
50416,230000111631,50716*,50716,NA,1,Riffle 1,Relocate 2024,9/24/2024,NA
50417,228000607546,50717*,50717,NA,1,Riffle 1,Relocate 2024,9/24/2024,NA
50418,228000607532,50718,50718,NA,1,Riffle 1,Relocate 2024,9/24/2024,NA
50219,226001370318,50719,50719,NA,1,Riffle 1,Relocate 2024,9/24/2024,M34 Detection Only
50420,230000111596,50720*,50720,NA,1,Riffle 1,Relocate 2024,9/24/2024,NA
50221,226001370376,50721b*,50721,NA,1,Riffle 1,Relocate 2024,9/24/2024,NA
50422,230000111581,50722b,50722,NA,1,Riffle 1,Relocate 2024,9/24/2024,NA
50423,231000039733,50723b*,50723,NA,1,Riffle 1,Relocate 2024,9/24/2024,NA
50424,230000111734,50724h*,50724,NA,1,Riffle 1,Relocate 2024,9/24/2024,NA
50225,226001370206,NA,NA,NA,1,Riffle 1,Relocate 2024,9/24/2024,NA
50426,230000111551,NA,NA,NA,1,Riffle 1,Relocate 2024,9/24/2024,NA
50427,226001370232,NA,NA,NA,1,Riffle 1,Relocate 2024,9/24/2024,NA
50428,230000111575,50728h,50728,NA,1,Riffle 1,Relocate 2024,9/24/2024,NA
50429,230000111733,50729,50729,NA,1,Riffle 1,Relocate 2024,9/24/2024,NA
50430,226001370264,NA,NA,NA,1,Riffle 1,Relocate 2024,9/24/2024,NA
50431,230000111700,50731h,50731,NA,1,Riffle 1,Relocate 2024,9/24/2024,NA
50432,231000039758,50732,50732,NA,1,Riffle 1,Relocate 2024,9/24/2024,M34 Detection Only
50433,230000111668,50733,50733,NA,1,Riffle 1,Relocate 2024,9/24/2024,NA
50434,228000607552,50734*,50734,NA,1,Riffle 1,Relocate 2024,9/24/2024,NA
50435,226001370277,50735,50735,NA,1,Riffle 1,Relocate 2024,9/24/2024,M34 Detection Only
50436,230000111545,50736,50736,NA,1,Riffle 1,Relocate 2024,9/24/2024,NA
50437,230000111540,50737*,50737,NA,1,Riffle 1,Relocate 2024,9/24/2024,NA
50438,230000111735,50738*,50738,NA,1,Riffle 1,Relocate 2024,9/24/2024,NA
50239,226001370243,50739b*,50739,NA,1,Riffle 1,Relocate 2024,9/24/2024,NA
50440,230000111686,50740,50740,NA,1,Riffle 1,Relocate 2024,9/24/2024,NA
50241,231000039765,50741b*,50741,NA,1,Riffle 1,Relocate 2024,9/24/2024,NA
50442,230000111592,50742,50742,NA,1,Riffle 1,Relocate 2024,9/24/2024,M34 Detection Only
50443,231000039781,50743b,50743,NA,1,Riffle 1,Relocate 2024,9/24/2024,NA
50444,230000111695,50744h*,50744,NA,1,Riffle 1,Relocate 2024,9/24/2024,NA
50245,226001370356,NA,NA,NA,1,Riffle 1,Relocate 2024,9/24/2024,NA
50446,230000111555,50746h,50746,NA,1,Riffle 1,Relocate 2024,9/24/2024,NA
50447,228000607507,50747b,50747,NA,1,Riffle 1,Relocate 2024,9/24/2024,NA
50448,230000111644,50748h,50748,NA,1,Riffle 1,Relocate 2024,9/24/2024,NA
50449,230000111698,50749*,50749,NA,1,Riffle 1,Relocate 2024,9/24/2024,NA
50450,230000111614,50750*,50750,NA,1,Riffle 1,Relocate 2024,9/24/2024,NA
50451,228000607509,50751b,50751,NA,1,Riffle 1,Relocate 2024,9/24/2024,NA
50452,228000607549,50752*,50752,NA,1,Riffle 1,Relocate 2024,9/24/2024,NA
50453,228000607571,50753*,50753,NA,1,Riffle 1,Relocate 2024,9/24/2024,NA
50454,228000607541,50754h,50754,NA,1,Riffle 1,Relocate 2024,9/24/2024,NA
50455,228000607534,50755h,50755,NA,1,Riffle 1,Relocate 2024,9/24/2024,NA
50456,228000607577,50756*,50756,NA,1,Riffle 1,Relocate 2024,9/24/2024,NA
50457,226001370244,50757b,50757,NA,1,Riffle 1,Relocate 2024,9/24/2024,NA
50458,228000607517,50758,50758,NA,1,Riffle 1,Relocate 2024,9/24/2024,NA
50459,228000607560,50759h,50759,NA,1,Riffle 1,Relocate 2024,9/24/2024,NA
50460,230000111560,50760*,50760,NA,1,Riffle 1,Relocate 2024,9/24/2024,NA
50461,231000039735,50761b,50761,NA,1,Riffle 1,Relocate 2024,9/24/2024,NA
50462,230000111566,50762,50762,NA,1,Riffle 1,Relocate 2024,9/24/2024,NA
50463,228000607573,50763*,50763,NA,1,Riffle 1,Relocate 2024,9/24/2024,NA
50464,231000039711,50764*,50764,NA,1,Riffle 1,Relocate 2024,9/24/2024,NA
50465,230000298013,50765,50765,NA,1,Riffle 1,Relocate 2024,9/24/2024,NA
50466,228000607524,50766h*,50766,NA,1,Riffle 1,Relocate 2024,9/24/2024,NA
50467,228000607535,50767b*,50767,NA,1,Riffle 1,Relocate 2024,9/24/2024,NA
50468,230000111643,50768,50768,NA,1,Riffle 1,Relocate 2024,9/24/2024,NA
50469,228000607505,50769*,50769,NA,1,Riffle 1,Relocate 2024,9/24/2024,NA
50270,226001370337,NA,NA,NA,1,Riffle 1,Relocate 2024,9/24/2024,NA
50471,230000111534,50771,50771,NA,1,Riffle 1,Relocate 2024,9/24/2024,NA
50472,228000607565,50772h*,50772,NA,1,Riffle 1,Relocate 2024,9/24/2024,NA
50473,228000607520,50773*,50773,NA,1,Riffle 1,Relocate 2024,9/24/2024,NA
50474,230000111541,50774*,50774,NA,1,Riffle 1,Relocate 2024,9/24/2024,NA
50475,230000111523,50775*,50775,NA,1,Riffle 1,Relocate 2024,9/24/2024,NA
50276,226001370219,NA,NA,NA,1,Riffle 1,Relocate 2024,9/24/2024,NA
50477,230000111684,50777b*,50777,NA,1,Riffle 1,Relocate 2024,9/24/2024,NA
50278,226001370342,NA,NA,NA,1,Riffle 1,Relocate 2024,9/24/2024,NA
50479,230000111527,50779*,50779,NA,1,Riffle 1,Relocate 2024,9/24/2024,NA
50480,228000607516,50780b*,50780,NA,1,Riffle 1,Relocate 2024,9/24/2024,NA
50481,231000039720,50781b*,50781,NA,1,Riffle 1,Relocate 2024,9/24/2024,NA
50482,230000111728,50782,50782,NA,1,Riffle 1,Relocate 2024,9/24/2024,NA
50483,228000607537,50783*,50783,NA,1,Riffle 1,Relocate 2024,9/24/2024,NA
50484,230000298011,50784h,50784,NA,1,Riffle 1,Relocate 2024,9/24/2024,NA
50285,226001370228,NA,NA,NA,1,Riffle 1,Relocate 2024,9/24/2024,NA
50486,228000607533,50786,50786,NA,1,Riffle 1,Relocate 2024,9/24/2024,M34 Detection Only
50487,230000111510,50787h,50787,NA,1,Riffle 1,Relocate 2024,9/24/2024,NA
50488,230000111624,50788h*,50788,NA,1,Riffle 1,Relocate 2024,9/24/2024,NA
50489,230000111677,50789,50789,NA,1,Riffle 1,Relocate 2024,9/24/2024,M34 Detection Only
50490,230000111548,50790b*,50790,NA,1,Riffle 1,Relocate 2024,9/24/2024,NA
50491,230000111570,50791h*,50791,NA,1,Riffle 1,Relocate 2024,9/24/2024,NA
50492,230000111716,50792h,50792,NA,1,Riffle 1,Relocate 2024,9/24/2024,NA
50493,230000111507,50793*,50793,NA,1,Riffle 1,Relocate 2024,9/24/2024,NA
50494,226001370237,NA,NA,NA,1,Riffle 1,Relocate 2024,9/24/2024,NA
50495,230000111594,50795b,50795,NA,1,Riffle 1,Relocate 2024,9/24/2024,NA
50296,226001370235,NA,NA,NA,1,Riffle 1,Relocate 2024,9/24/2024,NA
50497,230000111567,50797b,50797,NA,1,Riffle 1,Relocate 2024,9/24/2024,NA
50298,226001370215,NA,NA,NA,1,Riffle 1,Relocate 2024,9/24/2024,NA
50499,230000111648,50799b,50799,NA,1,Riffle 1,Relocate 2024,9/24/2024,NA
51218,209000132797,NA,NA,BLD,2A,Riffle 2A,Deploy 2024_10,NA,Field Sheet DeployID includes 2A/2B
51219,209000133113,NA,NA,GRVAUG,2A,Riffle 2A,Deploy 2024_10,NA,Field Sheet DeployID includes 2A/2B
51229,226001370201,NA,NA,GRVAUG,2A,Riffle 2A,Deploy 2024_10,NA,Field Sheet DeployID includes 2A/2B
51231,226001370208,NA,NA,GRVAUG,2A,Riffle 2A,Deploy 2024_10,NA,Field Sheet DeployID includes 2A/2B
51211,226001370241,NA,NA,GRVAUG,2A,Riffle 2A,Deploy 2024_10,NA,Field Sheet DeployID includes 2A/2B
51228,228000607518,NA,NA,GRVAUG,2A,Riffle 2A,Deploy 2024_10,NA,Field Sheet DeployID includes 2A/2B
51254,228000607523,NA,NA,GRVAUG,2A,Riffle 2A,Deploy 2024_10,NA,Field Sheet DeployID includes 2A/2B
51221,228000607542,NA,NA,GRVAUG,2A,Riffle 2A,Deploy 2024_10,NA,Field Sheet DeployID includes 2A/2B
51223,228000607574,NA,NA,GRVAUG,2A,Riffle 2A,Deploy 2024_10,NA,Field Sheet DeployID includes 2A/2B
51237,230000111501,NA,NA,CBL,2A,Riffle 2A,Deploy 2024_10,NA,Field Sheet DeployID includes 2A/2B
51234,230000111506,NA,NA,CBL,2A,Riffle 2A,Deploy 2024_10,NA,Field Sheet DeployID includes 2A/2B
51201,230000111519,NA,NA,CBL,2A,Riffle 2A,Deploy 2024_10,NA,Field Sheet DeployID includes 2A/2B
51235,230000111526,NA,NA,GRVAUG,2A,Riffle 2A,Deploy 2024_10,NA,Field Sheet DeployID includes 2A/2B
51204,230000111537,NA,NA,CBL,2A,Riffle 2A,Deploy 2024_10,NA,Field Sheet DeployID includes 2A/2B
51232,230000111546,NA,NA,CBL,2A,Riffle 2A,Deploy 2024_10,NA,Field Sheet DeployID includes 2A/2B
51217,230000111564,NA,NA,CBL,2A,Riffle 2A,Deploy 2024_10,NA,Field Sheet DeployID includes 2A/2B
51206,230000111573,NA,NA,CBL,2A,Riffle 2A,Deploy 2024_10,NA,Field Sheet DeployID includes 2A/2B
51203,230000111585,NA,NA,CBL,2A,Riffle 2A,Deploy 2024_10,NA,Field Sheet DeployID includes 2A/2B
51216,230000111589,NA,NA,CBL,2A,Riffle 2A,Deploy 2024_10,NA,Field Sheet DeployID includes 2A/2B
51202,230000111591,NA,NA,CBL,2A,Riffle 2A,Deploy 2024_10,NA,Field Sheet DeployID includes 2A/2B
51226,230000111593,NA,NA,CBL,2A,Riffle 2A,Deploy 2024_10,NA,Field Sheet DeployID includes 2A/2B
51220,230000111619,NA,NA,CBL,2A,Riffle 2A,Deploy 2024_10,NA,Field Sheet DeployID includes 2A/2B
51224,230000111620,NA,NA,GRVAUG,2A,Riffle 2A,Deploy 2024_10,NA,Field Sheet DeployID includes 2A/2B
51243,230000111622,NA,NA,CBL,2A,Riffle 2A,Deploy 2024_10,NA,Field Sheet DeployID includes 2A/2B
51227,230000111625,NA,NA,CBL,2A,Riffle 2A,Deploy 2024_10,NA,Field Sheet DeployID includes 2A/2B
51242,230000111632,NA,NA,CBL,2A,Riffle 2A,Deploy 2024_10,NA,Field Sheet DeployID includes 2A/2B
51239,230000111636,NA,NA,CBL,2A,Riffle 2A,Deploy 2024_10,NA,Field Sheet DeployID includes 2A/2B
51209,230000111652,NA,NA,CBL,2A,Riffle 2A,Deploy 2024_10,NA,Field Sheet DeployID includes 2A/2B
51200,230000111655,NA,NA,GRVAUG,2A,Riffle 2A,Deploy 2024_10,NA,Field Sheet DeployID includes 2A/2B
51241,230000111665,NA,NA,CBL,2A,Riffle 2A,Deploy 2024_10,NA,Field Sheet DeployID includes 2A/2B
51208,230000111670,NA,NA,CBL,2A,Riffle 2A,Deploy 2024_10,NA,Field Sheet DeployID includes 2A/2B
51225,230000111672,NA,NA,CBL,2A,Riffle 2A,Deploy 2024_10,NA,Field Sheet DeployID includes 2A/2B
51233,230000111682,NA,NA,CBL,2A,Riffle 2A,Deploy 2024_10,NA,Field Sheet DeployID includes 2A/2B
51240,230000111685,NA,NA,CBL,2A,Riffle 2A,Deploy 2024_10,NA,Field Sheet DeployID includes 2A/2B
51207,230000111697,NA,NA,CBL,2A,Riffle 2A,Deploy 2024_10,NA,Field Sheet DeployID includes 2A/2B
51230,230000111707,NA,NA,CBL,2A,Riffle 2A,Deploy 2024_10,NA,Field Sheet DeployID includes 2A/2B
51214,230000111713,NA,NA,CBL,2A,Riffle 2A,Deploy 2024_10,NA,Field Sheet DeployID includes 2A/2B
51238,230000111727,NA,NA,CBL,2A,Riffle 2A,Deploy 2024_10,NA,Field Sheet DeployID includes 2A/2B
51212,230000111731,NA,NA,CBL,2A,Riffle 2A,Deploy 2024_10,NA,Field Sheet DeployID includes 2A/2B
51236,230000111739,NA,NA,CBL,2A,Riffle 2A,Deploy 2024_10,NA,Field Sheet DeployID includes 2A/2B
51210,230000111742,NA,NA,CBL,2A,Riffle 2A,Deploy 2024_10,NA,Field Sheet DeployID includes 2A/2B
51222,230000111743,NA,NA,CBL,2A,Riffle 2A,Deploy 2024_10,NA,Field Sheet DeployID includes 2A/2B
51215,230000111747,NA,NA,CBL,2A,Riffle 2A,Deploy 2024_10,NA,Field Sheet DeployID includes 2A/2B
51205,231000039792,NA,NA,GRVAUG,2A,Riffle 2A,Deploy 2024_10,NA,Field Sheet DeployID includes 2A/2B
51213,209000132772,NA,NA,NA,2A,Riffle 2A,Deploy 2024_10,NA,Field Sheet DeployID includes 2A/2B. This point was added in from field sheet
50131,226001370210,NA,NA,16,2A,Riffle 2A,Deploy 2023,4/24/2023,NA
50124,226001370218,NA,NA,16,2A,Riffle 2A,Deploy 2023,4/24/2023,NA
50122,226001370257,NA,NA,16,2A,Riffle 2A,Deploy 2023,4/24/2023,NA
50138,226001370271,NA,NA,16,2A,Riffle 2A,Deploy 2023,4/24/2023,NA
50115,226001370272,NA,NA,32,2A,Riffle 2A,Deploy 2023,4/24/2023,NA
50113,226001370280,NA,NA,32,2A,Riffle 2A,Deploy 2023,4/24/2023,NA
50120,226001370285,NA,NA,16,2A,Riffle 2A,Deploy 2023,4/24/2023,NA
50146,226001370298,NA,NA,16,2A,Riffle 2A,Deploy 2023,4/24/2023,NA
50133,226001370321,NA,NA,16,2A,Riffle 2A,Deploy 2023,4/24/2023,NA
50116,228000607506,NA,NA,64,2A,Riffle 2A,Deploy 2023,4/24/2023,NA
50101,228000607528,NA,NA,64,2A,Riffle 2A,Deploy 2023,4/24/2023,NA
50134,228000607538,NA,NA,64,2A,Riffle 2A,Deploy 2023,4/24/2023,NA
50144,228000607539,NA,NA,64,2A,Riffle 2A,Deploy 2023,4/24/2023,NA
50149,228000607547,NA,NA,64,2A,Riffle 2A,Deploy 2023,4/24/2023,NA
50109,228000607558,NA,NA,64,2A,Riffle 2A,Deploy 2023,4/24/2023,NA
50148,228000607561,NA,NA,64,2A,Riffle 2A,Deploy 2023,4/24/2023,NA
50112,228000607564,NA,NA,64,2A,Riffle 2A,Deploy 2023,4/24/2023,NA
50147,228000607569,NA,NA,64,2A,Riffle 2A,Deploy 2023,4/24/2023,NA
50104,228000607576,NA,NA,64,2A,Riffle 2A,Deploy 2023,4/24/2023,NA
50128,230000111515,NA,NA,362,2A,Riffle 2A,Deploy 2023,4/24/2023,NA
50132,230000111547,NA,NA,90,2A,Riffle 2A,Deploy 2023,4/24/2023,NA
50130,230000111583,NA,NA,90,2A,Riffle 2A,Deploy 2023,4/24/2023,NA
50129,230000111586,NA,NA,128,2A,Riffle 2A,Deploy 2023,4/24/2023,NA
50143,230000111587,NA,NA,256,2A,Riffle 2A,Deploy 2023,4/24/2023,NA
50100,230000111599,NA,NA,128,2A,Riffle 2A,Deploy 2023,4/24/2023,NA
50145,230000111602,NA,NA,180,2A,Riffle 2A,Deploy 2023,4/24/2023,NA
50125,230000111603,NA,NA,128,2A,Riffle 2A,Deploy 2023,4/24/2023,NA
50127,230000111605,NA,NA,128,2A,Riffle 2A,Deploy 2023,4/24/2023,NA
50136,230000111621,NA,NA,90,2A,Riffle 2A,Deploy 2023,4/24/2023,NA
50121,230000111629,NA,NA,128,2A,Riffle 2A,Deploy 2023,4/24/2023,NA
50105,230000111634,NA,NA,256,2A,Riffle 2A,Deploy 2023,4/24/2023,NA
50111,230000111645,NA,NA,128,2A,Riffle 2A,Deploy 2023,4/24/2023,NA
50137,230000111657,NA,NA,64,2A,Riffle 2A,Deploy 2023,4/24/2023,NA
50107,230000111658,NA,NA,90,2A,Riffle 2A,Deploy 2023,4/24/2023,NA
50119,230000111660,NA,NA,90,2A,Riffle 2A,Deploy 2023,4/24/2023,NA
50135,230000111671,NA,NA,90,2A,Riffle 2A,Deploy 2023,4/24/2023,NA
50117,230000111694,NA,NA,128,2A,Riffle 2A,Deploy 2023,4/24/2023,NA
50141,230000111704,NA,NA,64,2A,Riffle 2A,Deploy 2023,4/24/2023,NA
50139,230000111709,NA,NA,180,2A,Riffle 2A,Deploy 2023,4/24/2023,NA
50123,230000111718,NA,NA,90,2A,Riffle 2A,Deploy 2023,4/24/2023,NA
50114,230000111719,NA,NA,128,2A,Riffle 2A,Deploy 2023,4/24/2023,NA
50118,230000111729,NA,NA,>256,2A,Riffle 2A,Deploy 2023,4/24/2023,NA
50142,230000111732,NA,NA,180,2A,Riffle 2A,Deploy 2023,4/24/2023,NA
50102,230000111738,NA,NA,128,2A,Riffle 2A,Deploy 2023,4/24/2023,NA
50140,231000039715,NA,NA,32,2A,Riffle 2A,Deploy 2023,4/24/2023,NA
50103,231000039731,NA,NA,32,2A,Riffle 2A,Deploy 2023,4/24/2023,NA
50108,231000039734,NA,NA,32,2A,Riffle 2A,Deploy 2023,4/24/2023,NA
50110,231000039756,NA,NA,32,2A,Riffle 2A,Deploy 2023,4/24/2023,NA
50106,231000039774,NA,NA,32,2A,Riffle 2A,Deploy 2023,4/24/2023,NA
50126,231000039788,NA,NA,32,2A,Riffle 2A,Deploy 2023,4/24/2023,NA
50100,230000111599,50500h*,50500,NA,2A,Riffle 2A,Relocate 2023,9/26/2023,NA
50101,228000607528,NA,NA,NA,2A,Riffle 2A,Relocate 2023,9/26/2023,NA
50102,230000111738,50502h*,50502,NA,2A,Riffle 2A,Relocate 2023,9/26/2023,NA
50103,231000039731,NA,NA,NA,2A,Riffle 2A,Relocate 2023,9/26/2023,NA
50104,228000607576,NA,NA,NA,2A,Riffle 2A,Relocate 2023,9/26/2023,NA
50105,230000111634,50505*,50505,NA,2A,Riffle 2A,Relocate 2023,9/26/2023,NA
50106,231000039774,NA,NA,NA,2A,Riffle 2A,Relocate 2023,9/26/2023,NA
50107,230000111658,50507*,50507,NA,2A,Riffle 2A,Relocate 2023,9/26/2023,NA
50108,231000039734,NA,NA,NA,2A,Riffle 2A,Relocate 2023,9/26/2023,NA
50109,228000607558,50509h*,50509,NA,2A,Riffle 2A,Relocate 2023,9/26/2023,NA
50110,231000039756,50510hb*,50510,NA,2A,Riffle 2A,Relocate 2023,9/26/2023,NA
50111,230000111645,50511h*,50511,NA,2A,Riffle 2A,Relocate 2023,9/26/2023,NA
50112,228000607564,50512,50512,NA,2A,Riffle 2A,Relocate 2023,9/26/2023,NA
50113,226001370280,50513b*,50513,NA,2A,Riffle 2A,Relocate 2023,9/26/2023,NA
50114,230000111719,50514,50514,NA,2A,Riffle 2A,Relocate 2023,9/26/2023,NA
50115,226001370272,NA,NA,NA,2A,Riffle 2A,Relocate 2023,9/26/2023,NA
50116,228000607506,NA,NA,NA,2A,Riffle 2A,Relocate 2023,9/26/2023,NA
50117,230000111694,NA,NA,NA,2A,Riffle 2A,Relocate 2023,9/26/2023,NA
50118,230000111729,50518,50518,NA,2A,Riffle 2A,Relocate 2023,9/26/2023,NA
50119,230000111660,50519h*,50519,NA,2A,Riffle 2A,Relocate 2023,9/26/2023,NA
50120,226001370285,NA,NA,NA,2A,Riffle 2A,Relocate 2023,9/26/2023,NA
50121,230000111629,50521h*,50521,NA,2A,Riffle 2A,Relocate 2023,9/26/2023,NA
50122,226001370257,50522bh*,50522,NA,2A,Riffle 2A,Relocate 2023,9/26/2023,NA
50123,230000111718,50523bh*,50523,NA,2A,Riffle 2A,Relocate 2023,9/26/2023,NA
50124,226001370218,NA,NA,NA,2A,Riffle 2A,Relocate 2023,9/26/2023,NA
50125,230000111603,50525hb*,50525,NA,2A,Riffle 2A,Relocate 2023,9/26/2023,NA
50126,231000039788,50526*,50526,NA,2A,Riffle 2A,Relocate 2023,9/26/2023,NA
50127,230000111605,50527h*,50527,NA,2A,Riffle 2A,Relocate 2023,9/26/2023,NA
50128,230000111515,50528*,50528,NA,2A,Riffle 2A,Relocate 2023,9/26/2023,NA
50129,230000111586,50529h*,50529,NA,2A,Riffle 2A,Relocate 2023,9/26/2023,NA
50130,230000111583,50530b*,50530,NA,2A,Riffle 2A,Relocate 2023,9/26/2023,NA
50131,226001370210,NA,NA,NA,2A,Riffle 2A,Relocate 2023,9/26/2023,NA
50132,230000111547,50532hb*,50532,NA,2A,Riffle 2A,Relocate 2023,9/26/2023,NA
50133,226001370321,NA,NA,NA,2A,Riffle 2A,Relocate 2023,9/26/2023,NA
50134,228000607538,NA,NA,NA,2A,Riffle 2A,Relocate 2023,9/26/2023,NA
50135,230000111671,50535*,50535,NA,2A,Riffle 2A,Relocate 2023,9/26/2023,NA
50136,230000111621,50536*,50536,NA,2A,Riffle 2A,Relocate 2023,9/26/2023,NA
50137,230000111657,50537,50537,NA,2A,Riffle 2A,Relocate 2023,9/26/2023,NA
50138,226001370271,NA,NA,NA,2A,Riffle 2A,Relocate 2023,9/26/2023,NA
50139,230000111709,50539*,50539,NA,2A,Riffle 2A,Relocate 2023,9/26/2023,NA
50140,231000039715,50540b*,50540,NA,2A,Riffle 2A,Relocate 2023,9/26/2023,NA
50141,230000111704,NA,NA,NA,2A,Riffle 2A,Relocate 2023,9/26/2023,NA
50142,230000111732,50542h*,50542,NA,2A,Riffle 2A,Relocate 2023,9/26/2023,NA
50143,230000111587,50543h*,50543,NA,2A,Riffle 2A,Relocate 2023,9/26/2023,NA
50144,228000607539,50544*,50544,NA,2A,Riffle 2A,Relocate 2023,9/26/2023,NA
50145,230000111602,50545h*,50545,NA,2A,Riffle 2A,Relocate 2023,9/26/2023,NA
50146,226001370298,50546,50546,NA,2A,Riffle 2A,Relocate 2023,9/26/2023,NA
50147,228000607569,50547*,50547,NA,2A,Riffle 2A,Relocate 2023,9/26/2023,NA
50148,228000607561,50548h*,50548,NA,2A,Riffle 2A,Relocate 2023,9/26/2023,NA
50149,228000607547,50549*,50549,NA,2A,Riffle 2A,Relocate 2023,9/26/2023,NA
50500,230000111599,50800*,50800,NA,2A,Riffle 2A,Relocate 2024,9/24/2024,NA
50501,228000607528,50801b~,50801,NA,2A,Riffle 2A,Relocate 2024,9/24/2024,NA
50502,230000111738,50802h*,50802,NA,2A,Riffle 2A,Relocate 2024,9/24/2024,NA
50103,231000039731,NA,NA,NA,2A,Riffle 2A,Relocate 2024,9/24/2024,NA
50104,228000607576,50804b*,50804,NA,2A,Riffle 2A,Relocate 2024,9/24/2024,NA
50505,230000111634,50805*,50805,NA,2A,Riffle 2A,Relocate 2024,9/24/2024,NA
50106,231000039774,NA,NA,NA,2A,Riffle 2A,Relocate 2024,9/24/2024,NA
50507,230000111658,50807*,50807,NA,2A,Riffle 2A,Relocate 2024,9/24/2024,NA
50108,231000039734,NA,NA,NA,2A,Riffle 2A,Relocate 2024,9/24/2024,NA
50509,228000607558,50809,50809,NA,2A,Riffle 2A,Relocate 2024,9/24/2024,M34 Detection Only
50510,231000039756,NA,NA,NA,2A,Riffle 2A,Relocate 2024,9/24/2024,NA
50511,230000111645,50811*,50811,NA,2A,Riffle 2A,Relocate 2024,9/24/2024,NA
50512,228000607564,50812*,50812,NA,2A,Riffle 2A,Relocate 2024,9/24/2024,NA
50513,226001370280,NA,NA,NA,2A,Riffle 2A,Relocate 2024,9/24/2024,NA
50514,230000111719,50814,50814,NA,2A,Riffle 2A,Relocate 2024,9/24/2024,NA
50115,226001370272,NA,NA,NA,2A,Riffle 2A,Relocate 2024,9/24/2024,NA
50116,228000607506,NA,NA,NA,2A,Riffle 2A,Relocate 2024,9/24/2024,NA
50117,230000111694,50817*,50817,NA,2A,Riffle 2A,Relocate 2024,9/24/2024,NA
50518,230000111729,50818,50818,NA,2A,Riffle 2A,Relocate 2024,9/24/2024,NA
50519,230000111660,50819b*,50819,NA,2A,Riffle 2A,Relocate 2024,9/24/2024,NA
50120,226001370285,NA,NA,NA,2A,Riffle 2A,Relocate 2024,9/24/2024,NA
50521,230000111629,50821*,50821,NA,2A,Riffle 2A,Relocate 2024,9/24/2024,NA
50522,226001370257,50822b*,50822,NA,2A,Riffle 2A,Relocate 2024,9/24/2024,NA
50523,230000111718,50823*,50823,NA,2A,Riffle 2A,Relocate 2024,9/24/2024,NA
50124,226001370218,NA,NA,NA,2A,Riffle 2A,Relocate 2024,9/24/2024,NA
50525,230000111603,50825,50825,NA,2A,Riffle 2A,Relocate 2024,9/24/2024,NA
50526,231000039788,50826b*,50826,NA,2A,Riffle 2A,Relocate 2024,9/24/2024,NA
50527,230000111605,50827,50827,NA,2A,Riffle 2A,Relocate 2024,9/24/2024,NA
50528,230000111515,50828*,50828,NA,2A,Riffle 2A,Relocate 2024,9/24/2024,NA
50529,230000111586,50829*,50829,NA,2A,Riffle 2A,Relocate 2024,9/24/2024,NA
50530,230000111583,50830*,50830,NA,2A,Riffle 2A,Relocate 2024,9/24/2024,NA
50131,226001370210,NA,NA,NA,2A,Riffle 2A,Relocate 2024,9/24/2024,NA
50532,230000111547,50832*,50832,NA,2A,Riffle 2A,Relocate 2024,9/24/2024,NA
50133,226001370321,NA,NA,NA,2A,Riffle 2A,Relocate 2024,9/24/2024,NA
50134,228000607538,NA,NA,NA,2A,Riffle 2A,Relocate 2024,9/24/2024,NA
50535,230000111671,50835b*?,50835,NA,2A,Riffle 2A,Relocate 2024,9/24/2024,NA
50536,230000111621,50836,50836,NA,2A,Riffle 2A,Relocate 2024,9/24/2024,NA
50537,230000111657,50837*,50837,NA,2A,Riffle 2A,Relocate 2024,9/24/2024,NA
50138,226001370271,NA,NA,NA,2A,Riffle 2A,Relocate 2024,9/24/2024,NA
50539,230000111709,50839*,50839,NA,2A,Riffle 2A,Relocate 2024,9/24/2024,NA
50540,231000039715,50840b*,50840,NA,2A,Riffle 2A,Relocate 2024,9/24/2024,NA
50141,230000111704,NA,NA,NA,2A,Riffle 2A,Relocate 2024,9/24/2024,NA
50542,230000111732,50842,50842,NA,2A,Riffle 2A,Relocate 2024,9/24/2024,M34 Detection Only
50543,230000111587,50843*,50843,NA,2A,Riffle 2A,Relocate 2024,9/24/2024,NA
50544,228000607539,50844*,50844,NA,2A,Riffle 2A,Relocate 2024,9/24/2024,NA
50545,230000111602,50845*,50845,NA,2A,Riffle 2A,Relocate 2024,9/24/2024,NA
50546,226001370298,NA,NA,NA,2A,Riffle 2A,Relocate 2024,9/24/2024,NA
50547,228000607569,50847*,50847,NA,2A,Riffle 2A,Relocate 2024,9/24/2024,NA
50548,228000607561,50848*,50848,NA,2A,Riffle 2A,Relocate 2024,9/24/2024,NA
50549,228000607547,50849*,50849,NA,2A,Riffle 2A,Relocate 2024,9/24/2024,NA
51263,209000132723,NA,NA,LC,2B,Riffle 2B,Deploy 2024_10,NA,Field Sheet DeployID includes 2A/2B
51271,209000132802,NA,NA,LC,2B,Riffle 2B,Deploy 2024_10,NA,Field Sheet DeployID includes 2A/2B
51275,226001370225,NA,NA,GRVAUG,2B,Riffle 2B,Deploy 2024_10,NA,Field Sheet DeployID includes 2A/2B
51276,226001370247,NA,NA,GRVAUG,2B,Riffle 2B,Deploy 2024_10,NA,Field Sheet DeployID includes 2A/2B
51269,226001370273,NA,NA,GRVAUG,2B,Riffle 2B,Deploy 2024_10,NA,Field Sheet DeployID includes 2A/2B
51266,226001370276,NA,NA,GRVAUG,2B,Riffle 2B,Deploy 2024_10,NA,Field Sheet DeployID includes 2A/2B
51272,228000607553,NA,NA,GRVAUG,2B,Riffle 2B,Deploy 2024_10,NA,Field Sheet DeployID includes 2A/2B
51270,228000607555,NA,NA,GRVAUG,2B,Riffle 2B,Deploy 2024_10,NA,Field Sheet DeployID includes 2A/2B
51290,230000111509,NA,NA,CBL,2B,Riffle 2B,Deploy 2024_10,NA,Field Sheet DeployID includes 2A/2B
51264,230000111511,NA,NA,CBL,2B,Riffle 2B,Deploy 2024_10,NA,Field Sheet DeployID includes 2A/2B
51277,230000111518,NA,NA,CBL,2B,Riffle 2B,Deploy 2024_10,NA,Field Sheet DeployID includes 2A/2B
51280,230000111528,NA,NA,CBL,2B,Riffle 2B,Deploy 2024_10,NA,Field Sheet DeployID includes 2A/2B
51279,230000111539,NA,NA,CBL,2B,Riffle 2B,Deploy 2024_10,NA,Field Sheet DeployID includes 2A/2B
51287,230000111550,NA,NA,CBL,2B,Riffle 2B,Deploy 2024_10,NA,Field Sheet DeployID includes 2A/2B
51284,230000111558,NA,NA,CBL,2B,Riffle 2B,Deploy 2024_10,NA,Field Sheet DeployID includes 2A/2B
51283,230000111559,NA,NA,CBL,2B,Riffle 2B,Deploy 2024_10,NA,Field Sheet DeployID includes 2A/2B
51289,230000111563,NA,NA,CBL,2B,Riffle 2B,Deploy 2024_10,NA,Field Sheet DeployID includes 2A/2B
51255,230000111569,NA,NA,CBL,2B,Riffle 2B,Deploy 2024_10,NA,Field Sheet DeployID includes 2A/2B
51282,230000111571,NA,NA,CBL,2B,Riffle 2B,Deploy 2024_10,NA,Field Sheet DeployID includes 2A/2B
51259,230000111582,NA,NA,CBL,2B,Riffle 2B,Deploy 2024_10,NA,Field Sheet DeployID includes 2A/2B
51250,230000111598,NA,NA,CBL,2B,Riffle 2B,Deploy 2024_10,NA,Field Sheet DeployID includes 2A/2B
51261,230000111600,NA,NA,CBL,2B,Riffle 2B,Deploy 2024_10,NA,Field Sheet DeployID includes 2A/2B
51267,230000111607,NA,NA,CBL,2B,Riffle 2B,Deploy 2024_10,NA,Field Sheet DeployID includes 2A/2B
51265,230000111613,NA,NA,CBL,2B,Riffle 2B,Deploy 2024_10,NA,Field Sheet DeployID includes 2A/2B
51260,230000111630,NA,NA,CBL,2B,Riffle 2B,Deploy 2024_10,NA,Field Sheet DeployID includes 2A/2B
51253,230000111654,NA,NA,CBL,2B,Riffle 2B,Deploy 2024_10,NA,Field Sheet DeployID includes 2A/2B
51262,230000111662,NA,NA,CBL,2B,Riffle 2B,Deploy 2024_10,NA,Field Sheet DeployID includes 2A/2B
51288,230000111667,NA,NA,CBL,2B,Riffle 2B,Deploy 2024_10,NA,Field Sheet DeployID includes 2A/2B
51286,230000111679,NA,NA,CBL,2B,Riffle 2B,Deploy 2024_10,NA,Field Sheet DeployID includes 2A/2B
51257,230000111680,NA,NA,CBL,2B,Riffle 2B,Deploy 2024_10,NA,Field Sheet DeployID includes 2A/2B
51274,230000111687,NA,NA,CBL,2B,Riffle 2B,Deploy 2024_10,NA,Field Sheet DeployID includes 2A/2B
51291,230000111688,NA,NA,CBL,2B,Riffle 2B,Deploy 2024_10,NA,Field Sheet DeployID includes 2A/2B
51251,230000111691,NA,NA,CBL,2B,Riffle 2B,Deploy 2024_10,NA,Field Sheet DeployID includes 2A/2B
51273,230000111692,NA,NA,CBL,2B,Riffle 2B,Deploy 2024_10,NA,Field Sheet DeployID includes 2A/2B
51258,230000111710,NA,NA,CBL,2B,Riffle 2B,Deploy 2024_10,NA,Field Sheet DeployID includes 2A/2B
51268,230000111721,NA,NA,CBL,2B,Riffle 2B,Deploy 2024_10,NA,Field Sheet DeployID includes 2A/2B
51252,230000111724,NA,NA,CBL,2B,Riffle 2B,Deploy 2024_10,NA,Field Sheet DeployID includes 2A/2B
51256,230000111740,NA,NA,CBL,2B,Riffle 2B,Deploy 2024_10,NA,Field Sheet DeployID includes 2A/2B
51281,230000111744,NA,NA,CBL,2B,Riffle 2B,Deploy 2024_10,NA,Field Sheet DeployID includes 2A/2B
51278,230000111748,NA,NA,CBL,2B,Riffle 2B,Deploy 2024_10,NA,Field Sheet DeployID includes 2A/2B
51285,230000111749,NA,NA,CBL,2B,Riffle 2B,Deploy 2024_10,NA,Field Sheet DeployID includes 2A/2B
50160,209000133190,NA,NA,64,2B,Riffle 2B,Deploy 2023,4/24/2023,NA
50164,226001370213,NA,NA,16,2B,Riffle 2B,Deploy 2023,4/24/2023,NA
50196,226001370224,NA,NA,16,2B,Riffle 2B,Deploy 2023,4/24/2023,NA
50190,226001370240,NA,NA,16,2B,Riffle 2B,Deploy 2023,4/24/2023,NA
50188,226001370250,NA,NA,32,2B,Riffle 2B,Deploy 2023,4/24/2023,NA
50182,226001370253,NA,NA,32,2B,Riffle 2B,Deploy 2023,4/24/2023,NA
50184,226001370261,NA,NA,32,2B,Riffle 2B,Deploy 2023,4/24/2023,NA
50198,226001370278,NA,NA,16,2B,Riffle 2B,Deploy 2023,4/24/2023,NA
50158,226001370284,NA,NA,16,2B,Riffle 2B,Deploy 2023,4/24/2023,NA
50161,226001370286,NA,NA,32,2B,Riffle 2B,Deploy 2023,4/24/2023,NA
50172,226001370289,NA,NA,16,2B,Riffle 2B,Deploy 2023,4/24/2023,NA
50186,226001370299,NA,NA,16,2B,Riffle 2B,Deploy 2023,4/24/2023,NA
50177,226001370341,NA,NA,16,2B,Riffle 2B,Deploy 2023,4/24/2023,NA
50169,228000607504,NA,NA,64,2B,Riffle 2B,Deploy 2023,4/24/2023,NA
50150,228000607511,NA,NA,64,2B,Riffle 2B,Deploy 2023,4/24/2023,NA
50170,228000607514,NA,NA,64,2B,Riffle 2B,Deploy 2023,4/24/2023,NA
50175,228000607526,NA,NA,64,2B,Riffle 2B,Deploy 2023,4/24/2023,NA
50162,228000607527,NA,NA,64,2B,Riffle 2B,Deploy 2023,4/24/2023,NA
50174,228000607540,NA,NA,64,2B,Riffle 2B,Deploy 2023,4/24/2023,NA
50192,228000607548,NA,NA,64,2B,Riffle 2B,Deploy 2023,4/24/2023,NA
50156,228000607554,NA,NA,64,2B,Riffle 2B,Deploy 2023,4/24/2023,NA
50151,228000607570,NA,NA,64,2B,Riffle 2B,Deploy 2023,4/24/2023,NA
50179,228000607572,NA,NA,64,2B,Riffle 2B,Deploy 2023,4/24/2023,NA
50171,230000111504,NA,NA,128,2B,Riffle 2B,Deploy 2023,4/24/2023,NA
50183,230000111508,NA,NA,256,2B,Riffle 2B,Deploy 2023,4/24/2023,NA
50168,230000111522,NA,NA,256,2B,Riffle 2B,Deploy 2023,4/24/2023,NA
50157,230000111568,NA,NA,90,2B,Riffle 2B,Deploy 2023,4/24/2023,NA
50165,230000111572,NA,NA,128,2B,Riffle 2B,Deploy 2023,4/24/2023,NA
50154,230000111584,NA,NA,128,2B,Riffle 2B,Deploy 2023,4/24/2023,NA
50191,230000111604,NA,NA,90,2B,Riffle 2B,Deploy 2023,4/24/2023,NA
50163,230000111606,NA,NA,128,2B,Riffle 2B,Deploy 2023,4/24/2023,NA
50195,230000111638,NA,NA,128,2B,Riffle 2B,Deploy 2023,4/24/2023,NA
50181,230000111664,NA,NA,90,2B,Riffle 2B,Deploy 2023,4/24/2023,NA
50178,230000111666,NA,NA,>256,2B,Riffle 2B,Deploy 2023,4/24/2023,NA
50153,230000111669,NA,NA,128,2B,Riffle 2B,Deploy 2023,4/24/2023,NA
50197,230000111673,NA,NA,128,2B,Riffle 2B,Deploy 2023,4/24/2023,NA
50189,230000111675,NA,NA,90,2B,Riffle 2B,Deploy 2023,4/24/2023,NA
50194,230000111681,NA,NA,90,2B,Riffle 2B,Deploy 2023,4/24/2023,NA
not deployed,230000111682,NA,NA,90,2B,Riffle 2B,Deploy 2023,4/24/2023,NA
50187,230000111696,NA,NA,90,2B,Riffle 2B,Deploy 2023,4/24/2023,NA
50185,230000111703,NA,NA,90,2B,Riffle 2B,Deploy 2023,4/24/2023,NA
50180,230000111705,NA,NA,90,2B,Riffle 2B,Deploy 2023,4/24/2023,NA
50173,230000111723,NA,NA,90,2B,Riffle 2B,Deploy 2023,4/24/2023,NA
50193,230000111726,NA,NA,362,2B,Riffle 2B,Deploy 2023,4/24/2023,NA
50155,230000298004,NA,NA,256,2B,Riffle 2B,Deploy 2023,4/24/2023,NA
50167,230000298005,NA,NA,256,2B,Riffle 2B,Deploy 2023,4/24/2023,NA
50176,230000298012,NA,NA,256,2B,Riffle 2B,Deploy 2023,4/24/2023,NA
50166,231000039732,NA,NA,32,2B,Riffle 2B,Deploy 2023,4/24/2023,NA
50152,231000039736,NA,NA,32,2B,Riffle 2B,Deploy 2023,4/24/2023,NA
50159,231000039740,NA,NA,32,2B,Riffle 2B,Deploy 2023,4/24/2023,NA
50199,230000111664,NA,NA,NA,2B,Riffle 2B,Deploy 2023,4/24/2023,Added in from field sheet
50150,228000607511,50550b,50550,NA,2B,Riffle 2B,Relocate 2023,9/27/2023,NA
50151,228000607570,50551*,50551,NA,2B,Riffle 2B,Relocate 2023,9/27/2023,NA
50152,231000039736,50552b*,50552,NA,2B,Riffle 2B,Relocate 2023,9/27/2023,NA
50153,230000111669,50553b*~,50553,NA,2B,Riffle 2B,Relocate 2023,9/27/2023,NA
50154,230000111584,NA,NA,NA,2B,Riffle 2B,Relocate 2023,9/27/2023,NA
50155,230000298004,50555h*,50555,NA,2B,Riffle 2B,Relocate 2023,9/27/2023,NA
50156,228000607554,NA,NA,NA,2B,Riffle 2B,Relocate 2023,9/27/2023,NA
50157,230000111568,NA,NA,NA,2B,Riffle 2B,Relocate 2023,9/27/2023,NA
50158,226001370284,NA,NA,NA,2B,Riffle 2B,Relocate 2023,9/27/2023,NA
50159,231000039740,50559b*~,50559,NA,2B,Riffle 2B,Relocate 2023,9/27/2023,NA
50160,209000133190,50560b*~,50560,NA,2B,Riffle 2B,Relocate 2023,9/27/2023,NA
50161,226001370286,NA,NA,NA,2B,Riffle 2B,Relocate 2023,9/27/2023,NA
50162,228000607527,50562h*,50562,NA,2B,Riffle 2B,Relocate 2023,9/27/2023,NA
50163,230000111606,50563h*,50563,NA,2B,Riffle 2B,Relocate 2023,9/27/2023,NA
50164,226001370213,NA,NA,NA,2B,Riffle 2B,Relocate 2023,9/27/2023,NA
50165,230000111572,50565h*,50565,NA,2B,Riffle 2B,Relocate 2023,9/27/2023,NA
50166,231000039732,NA,NA,NA,2B,Riffle 2B,Relocate 2023,9/27/2023,NA
50167,230000298005,50567b*~,50567,NA,2B,Riffle 2B,Relocate 2023,9/27/2023,NA
50168,230000111522,50568bh*,50568,NA,2B,Riffle 2B,Relocate 2023,9/27/2023,NA
50169,228000607504,50569bh*,50569,NA,2B,Riffle 2B,Relocate 2023,9/27/2023,NA
50170,228000607514,NA,NA,NA,2B,Riffle 2B,Relocate 2023,9/27/2023,NA
50171,230000111504,50571b*~,50571,NA,2B,Riffle 2B,Relocate 2023,9/27/2023,NA
50172,226001370289,NA,NA,NA,2B,Riffle 2B,Relocate 2023,9/27/2023,NA
50173,230000111723,NA,NA,NA,2B,Riffle 2B,Relocate 2023,9/27/2023,NA
50174,228000607540,NA,NA,NA,2B,Riffle 2B,Relocate 2023,9/27/2023,NA
50175,228000607526,NA,NA,NA,2B,Riffle 2B,Relocate 2023,9/27/2023,NA
50176,230000298012,50576*,50576,NA,2B,Riffle 2B,Relocate 2023,9/27/2023,NA
50177,226001370341,NA,NA,NA,2B,Riffle 2B,Relocate 2023,9/27/2023,NA
50178,230000111666,50578*,50578,NA,2B,Riffle 2B,Relocate 2023,9/27/2023,NA
50179,228000607572,NA,NA,NA,2B,Riffle 2B,Relocate 2023,9/27/2023,NA
50180,230000111705,50580b*,50580,NA,2B,Riffle 2B,Relocate 2023,9/27/2023,NA
50181,230000111646,NA,NA,NA,2B,Riffle 2B,Relocate 2023,9/27/2023,NA
50182,226001370253,NA,NA,NA,2B,Riffle 2B,Relocate 2023,9/27/2023,NA
50183,230000111508,NA,NA,NA,2B,Riffle 2B,Relocate 2023,9/27/2023,NA
50184,226001370261,NA,NA,NA,2B,Riffle 2B,Relocate 2023,9/27/2023,NA
50185,230000111703,NA,NA,NA,2B,Riffle 2B,Relocate 2023,9/27/2023,NA
50186,226001370299,NA,NA,NA,2B,Riffle 2B,Relocate 2023,9/27/2023,NA
50187,230000111696,NA,NA,NA,2B,Riffle 2B,Relocate 2023,9/27/2023,NA
50188,226001370250,NA,NA,NA,2B,Riffle 2B,Relocate 2023,9/27/2023,NA
50189,230000111675,NA,NA,NA,2B,Riffle 2B,Relocate 2023,9/27/2023,NA
50190,226001370240,NA,NA,NA,2B,Riffle 2B,Relocate 2023,9/27/2023,NA
50191,230000111604,50591b*,50591,NA,2B,Riffle 2B,Relocate 2023,9/27/2023,NA
50192,228000607548,NA,NA,NA,2B,Riffle 2B,Relocate 2023,9/27/2023,NA
50193,230000111726,50593h*,50593,NA,2B,Riffle 2B,Relocate 2023,9/27/2023,NA
50194,230000111681,NA,NA,NA,2B,Riffle 2B,Relocate 2023,9/27/2023,NA
50195,230000111638,50595b*~,50595,NA,2B,Riffle 2B,Relocate 2023,9/27/2023,NA
50196,226001370224,NA,NA,NA,2B,Riffle 2B,Relocate 2023,9/27/2023,NA
50197,230000111673,50597b*~,50597,NA,2B,Riffle 2B,Relocate 2023,9/27/2023,NA
50198,226001370278,NA,NA,NA,2B,Riffle 2B,Relocate 2023,9/27/2023,NA
50199,230000111664,50599*,50599,NA,2B,Riffle 2B,Relocate 2023,9/27/2023,NA
50550,228000607511,50850b~,50850,NA,2B,Riffle 2B,Relocate 2024,9/24/2024,NA
50551,228000607570,50851b*,50851,NA,2B,Riffle 2B,Relocate 2024,9/24/2024,NA
50552,231000039736,50852b*,50852,NA,2B,Riffle 2B,Relocate 2024,9/24/2024,NA
50553,230000111669,50853b~,50853,NA,2B,Riffle 2B,Relocate 2024,9/24/2024,NA
50154,230000111584,50854b~*,50854,NA,2B,Riffle 2B,Relocate 2024,9/24/2024,NA
50555,230000298004,50855*,50855,NA,2B,Riffle 2B,Relocate 2024,9/24/2024,NA
50156,228000607554,50856b~*,50856,NA,2B,Riffle 2B,Relocate 2024,9/24/2024,NA
50157,230000111568,50857b~*,50857,NA,2B,Riffle 2B,Relocate 2024,9/24/2024,NA
50158,226001370284,NA,NA,NA,2B,Riffle 2B,Relocate 2024,9/24/2024,NA
50559,231000039740,50859b*,50859,NA,2B,Riffle 2B,Relocate 2024,9/24/2024,NA
50560,209000133190,NA,NA,NA,2B,Riffle 2B,Relocate 2024,9/24/2024,NA
50161,226001370286,NA,NA,NA,2B,Riffle 2B,Relocate 2024,9/24/2024,NA
50562,228000607527,50862*,50862,NA,2B,Riffle 2B,Relocate 2024,9/24/2024,NA
50563,230000111606,50863*,50863,NA,2B,Riffle 2B,Relocate 2024,9/24/2024,NA
50164,226001370213,NA,NA,NA,2B,Riffle 2B,Relocate 2024,9/24/2024,NA
50565,230000111572,50865*,50865,NA,2B,Riffle 2B,Relocate 2024,9/24/2024,NA
50166,231000039732,NA,NA,NA,2B,Riffle 2B,Relocate 2024,9/24/2024,NA
50567,230000298005,50867b~,50867,NA,2B,Riffle 2B,Relocate 2024,9/24/2024,NA
50568,230000111522,50868h,50868,NA,2B,Riffle 2B,Relocate 2024,9/24/2024,NA
50569,228000607504,50869b*,50869,NA,2B,Riffle 2B,Relocate 2024,9/24/2024,NA
50170,228000607514,NA,NA,NA,2B,Riffle 2B,Relocate 2024,9/24/2024,NA
50571,230000111504,50871~b,50871,NA,2B,Riffle 2B,Relocate 2024,9/24/2024,NA
50172,226001370289,NA,NA,NA,2B,Riffle 2B,Relocate 2024,9/24/2024,NA
50173,230000111723,NA,NA,NA,2B,Riffle 2B,Relocate 2024,9/24/2024,NA
50174,228000607540,50874b~*,50874,NA,2B,Riffle 2B,Relocate 2024,9/24/2024,NA
50175,228000607526,50875b~*,50875,NA,2B,Riffle 2B,Relocate 2024,9/24/2024,NA
50576,230000298012,50876*,50876,NA,2B,Riffle 2B,Relocate 2024,9/24/2024,NA
50177,226001370341,NA,NA,NA,2B,Riffle 2B,Relocate 2024,9/24/2024,NA
50578,230000111666,50878,50878,NA,2B,Riffle 2B,Relocate 2024,9/24/2024,NA
50179,228000607572,50879,50879,NA,2B,Riffle 2B,Relocate 2024,9/24/2024,M34 Detection Only
50580,230000111705,50880*,50880,NA,2B,Riffle 2B,Relocate 2024,9/24/2024,NA
50181,230000111646,NA,NA,NA,2B,Riffle 2B,Relocate 2024,9/24/2024,NA
50182,226001370253,NA,NA,NA,2B,Riffle 2B,Relocate 2024,9/24/2024,NA
50183,230000111508,50883*,50883,NA,2B,Riffle 2B,Relocate 2024,9/24/2024,NA
50184,226001370261,NA,NA,NA,2B,Riffle 2B,Relocate 2024,9/24/2024,NA
50185,230000111703,50885b~*,50885,NA,2B,Riffle 2B,Relocate 2024,9/24/2024,NA
50186,226001370299,NA,NA,NA,2B,Riffle 2B,Relocate 2024,9/24/2024,NA
50187,230000111696,50887b~*,50887,NA,2B,Riffle 2B,Relocate 2024,9/24/2024,NA
50188,226001370250,NA,NA,NA,2B,Riffle 2B,Relocate 2024,9/24/2024,NA
50189,230000111675,NA,NA,NA,2B,Riffle 2B,Relocate 2024,9/24/2024,NA
50190,226001370240,NA,NA,NA,2B,Riffle 2B,Relocate 2024,9/24/2024,NA
50591,230000111604,50891b~*,50891,NA,2B,Riffle 2B,Relocate 2024,9/24/2024,NA
50192,228000607548,NA,NA,NA,2B,Riffle 2B,Relocate 2024,9/24/2024,NA
50593,230000111726,50893,50893,NA,2B,Riffle 2B,Relocate 2024,9/24/2024,NA
50194,230000111681,50894b*,50894,NA,2B,Riffle 2B,Relocate 2024,9/24/2024,NA
50595,230000111638,50895b~*,50895,NA,2B,Riffle 2B,Relocate 2024,9/24/2024,NA
50196,226001370224,NA,NA,NA,2B,Riffle 2B,Relocate 2024,9/24/2024,NA
50597,230000111673,50897b~*,50897,NA,2B,Riffle 2B,Relocate 2024,9/24/2024,NA
50198,226001370278,NA,NA,NA,2B,Riffle 2B,Relocate 2024,9/24/2024,NA
50599,230000111664,50899*,50899,NA,2B,Riffle 2B,Relocate 2024,9/24/2024,NA
51115,209000133112,NA,NA,23,3,Riffle 3,Deploy 2024_10,NA,NA
51125,209000133122,NA,NA,23,3,Riffle 3,Deploy 2024_10,NA,NA
51124,209000133133,NA,NA,23,3,Riffle 3,Deploy 2024_10,NA,NA
51118,209000133139,NA,NA,23,3,Riffle 3,Deploy 2024_10,NA,NA
51140,209000133145,NA,NA,23,3,Riffle 3,Deploy 2024_10,NA,NA
51154,209000133150,NA,NA,23,3,Riffle 3,Deploy 2024_10,NA,NA
51129,209000133154,NA,NA,23,3,Riffle 3,Deploy 2024_10,NA,NA
51145,209000133166,NA,NA,23,3,Riffle 3,Deploy 2024_10,NA,NA
51170,209000133170,NA,NA,23,3,Riffle 3,Deploy 2024_10,NA,NA
51103,209000133173,NA,NA,23,3,Riffle 3,Deploy 2024_10,NA,NA
51189,209000133177,NA,NA,23,3,Riffle 3,Deploy 2024_10,NA,NA
51176,209000133178,NA,NA,23,3,Riffle 3,Deploy 2024_10,NA,NA
51159,209000133186,NA,NA,23,3,Riffle 3,Deploy 2024_10,NA,NA
51108,209000133189,NA,NA,23,3,Riffle 3,Deploy 2024_10,NA,NA
51171,209000133193,NA,NA,23,3,Riffle 3,Deploy 2024_10,NA,NA
51113,209000133195,NA,NA,23,3,Riffle 3,Deploy 2024_10,NA,NA
51193,209000133196,NA,NA,23,3,Riffle 3,Deploy 2024_10,NA,NA
51111,209000133198,NA,NA,23,3,Riffle 3,Deploy 2024_10,NA,NA
51199,209000133201,NA,NA,23,3,Riffle 3,Deploy 2024_10,NA,NA
51142,209000133202,NA,NA,23,3,Riffle 3,Deploy 2024_10,NA,NA
51190,209000133492,NA,NA,23,3,Riffle 3,Deploy 2024_10,NA,NA
51179,226001370202,NA,NA,12,3,Riffle 3,Deploy 2024_10,NA,NA
51109,226001370211,NA,NA,12,3,Riffle 3,Deploy 2024_10,NA,NA
51191,226001370217,NA,NA,12,3,Riffle 3,Deploy 2024_10,NA,NA
51187,226001370220,NA,NA,12,3,Riffle 3,Deploy 2024_10,NA,NA
51165,226001370226,NA,NA,12,3,Riffle 3,Deploy 2024_10,NA,NA
51158,226001370229,NA,NA,12,3,Riffle 3,Deploy 2024_10,NA,NA
51181,226001370242,NA,NA,12,3,Riffle 3,Deploy 2024_10,NA,NA
51156,226001370246,NA,NA,12,3,Riffle 3,Deploy 2024_10,NA,NA
51173,226001370248,NA,NA,12,3,Riffle 3,Deploy 2024_10,NA,NA
51126,226001370252,NA,NA,12,3,Riffle 3,Deploy 2024_10,NA,NA
51116,226001370254,NA,NA,12,3,Riffle 3,Deploy 2024_10,NA,NA
51119,226001370258,NA,NA,12,3,Riffle 3,Deploy 2024_10,NA,NA
51134,226001370260,NA,NA,12,3,Riffle 3,Deploy 2024_10,NA,NA
51110,226001370263,NA,NA,12,3,Riffle 3,Deploy 2024_10,NA,NA
51122,226001370265,NA,NA,12,3,Riffle 3,Deploy 2024_10,NA,NA
51172,226001370268,NA,NA,12,3,Riffle 3,Deploy 2024_10,NA,NA
51160,226001370270,NA,NA,12,3,Riffle 3,Deploy 2024_10,NA,NA
51174,226001370282,NA,NA,12,3,Riffle 3,Deploy 2024_10,NA,NA
51175,226001370283,NA,NA,12,3,Riffle 3,Deploy 2024_10,NA,NA
51112,226001370297,NA,NA,12,3,Riffle 3,Deploy 2024_10,NA,NA
51168,226001370300,NA,NA,12,3,Riffle 3,Deploy 2024_10,NA,NA
51141,226001370370,NA,NA,12,3,Riffle 3,Deploy 2024_10,NA,NA
51198,226001370385,NA,NA,12,3,Riffle 3,Deploy 2024_10,NA,NA
51153,228000607568,NA,NA,23,3,Riffle 3,Deploy 2024_10,NA,NA
51169,228000607575,NA,NA,23,3,Riffle 3,Deploy 2024_10,NA,NA
51146,230000111500,NA,NA,32,3,Riffle 3,Deploy 2024_10,NA,NA
51180,230000111505,NA,NA,32,3,Riffle 3,Deploy 2024_10,NA,NA
51143,230000111512,NA,NA,32,3,Riffle 3,Deploy 2024_10,NA,NA
51182,230000111513,NA,NA,32,3,Riffle 3,Deploy 2024_10,NA,NA
51131,230000111514,NA,NA,32,3,Riffle 3,Deploy 2024_10,NA,NA
51186,230000111520,NA,NA,32,3,Riffle 3,Deploy 2024_10,NA,NA
51151,230000111524,NA,NA,32,3,Riffle 3,Deploy 2024_10,NA,NA
51101,230000111529,NA,NA,32,3,Riffle 3,Deploy 2024_10,NA,NA
51188,230000111533,NA,NA,32,3,Riffle 3,Deploy 2024_10,NA,NA
51136,230000111538,NA,NA,32,3,Riffle 3,Deploy 2024_10,NA,NA
51107,230000111542,NA,NA,32,3,Riffle 3,Deploy 2024_10,NA,NA
51164,230000111543,NA,NA,32,3,Riffle 3,Deploy 2024_10,NA,NA
51152,230000111554,NA,NA,32,3,Riffle 3,Deploy 2024_10,NA,NA
51192,230000111557,NA,NA,32,3,Riffle 3,Deploy 2024_10,NA,NA
51197,230000111561,NA,NA,32,3,Riffle 3,Deploy 2024_10,NA,NA
51161,230000111565,NA,NA,32,3,Riffle 3,Deploy 2024_10,NA,NA
51100,230000111574,NA,NA,32,3,Riffle 3,Deploy 2024_10,NA,NA
51184,230000111579,NA,NA,32,3,Riffle 3,Deploy 2024_10,NA,NA
51148,230000111580,NA,NA,32,3,Riffle 3,Deploy 2024_10,NA,NA
51120,230000111597,NA,NA,32,3,Riffle 3,Deploy 2024_10,NA,NA
51138,230000111601,NA,NA,32,3,Riffle 3,Deploy 2024_10,NA,NA
51185,230000111610,NA,NA,32,3,Riffle 3,Deploy 2024_10,NA,NA
51132,230000111612,NA,NA,32,3,Riffle 3,Deploy 2024_10,NA,NA
51157,230000111616,NA,NA,32,3,Riffle 3,Deploy 2024_10,NA,NA
51177,230000111617,NA,NA,32,3,Riffle 3,Deploy 2024_10,NA,NA
51167,230000111626,NA,NA,32,3,Riffle 3,Deploy 2024_10,NA,NA
51123,230000111627,NA,NA,32,3,Riffle 3,Deploy 2024_10,NA,NA
51162,230000111628,NA,NA,32,3,Riffle 3,Deploy 2024_10,NA,NA
51106,230000111633,NA,NA,32,3,Riffle 3,Deploy 2024_10,NA,NA
51114,230000111635,NA,NA,32,3,Riffle 3,Deploy 2024_10,NA,NA
51194,230000111637,NA,NA,32,3,Riffle 3,Deploy 2024_10,NA,NA
51137,230000111640,NA,NA,32,3,Riffle 3,Deploy 2024_10,NA,NA
51135,230000111649,NA,NA,32,3,Riffle 3,Deploy 2024_10,NA,NA
51178,230000111659,NA,NA,32,3,Riffle 3,Deploy 2024_10,NA,NA
51133,230000111661,NA,NA,32,3,Riffle 3,Deploy 2024_10,NA,NA
51139,230000111663,NA,NA,32,3,Riffle 3,Deploy 2024_10,NA,NA
51127,230000111674,NA,NA,32,3,Riffle 3,Deploy 2024_10,NA,NA
51196,230000111699,NA,NA,32,3,Riffle 3,Deploy 2024_10,NA,NA
51149,230000111702,NA,NA,32,3,Riffle 3,Deploy 2024_10,NA,NA
51121,230000111706,NA,NA,32,3,Riffle 3,Deploy 2024_10,NA,NA
51104,230000111745,NA,NA,32,3,Riffle 3,Deploy 2024_10,NA,NA
51155,230000298009,NA,NA,32,3,Riffle 3,Deploy 2024_10,NA,NA
51195,230000298010,NA,NA,32,3,Riffle 3,Deploy 2024_10,NA,NA
51166,230000298015,NA,NA,32,3,Riffle 3,Deploy 2024_10,NA,NA
51117,230000298018,NA,NA,32,3,Riffle 3,Deploy 2024_10,NA,NA
51150,230000298019,NA,NA,32,3,Riffle 3,Deploy 2024_10,NA,NA
51130,231000039708,NA,NA,14,3,Riffle 3,Deploy 2024_10,NA,NA
51144,231000039743,NA,NA,14,3,Riffle 3,Deploy 2024_10,NA,NA
51102,231000039749,NA,NA,14,3,Riffle 3,Deploy 2024_10,NA,NA
51105,231000039767,NA,NA,14,3,Riffle 3,Deploy 2024_10,NA,NA
51147,231000039789,NA,NA,14,3,Riffle 3,Deploy 2024_10,NA,NA
51163,231000039793,NA,NA,14,3,Riffle 3,Deploy 2024_10,NA,NA
51183,231000039794,NA,NA,14,3,Riffle 3,Deploy 2024_10,NA,NA
51128,231000039796,NA,NA,14,3,Riffle 3,Deploy 2024_10,NA,NA
NA,226001370227,NA,NA,GRVAUG,NA,NA,Deploy 2024_10,NA,Field Sheet DeployID includes 2A/2B
NA,226001370325,NA,NA,GRVAUG,NA,NA,Deploy 2024_10,NA,Field Sheet DeployID includes 2A/2B
NA,230000111535,NA,NA,CBL,NA,NA,Deploy 2024_10,NA,Field Sheet DeployID includes 2A/2B
